recipient,amount_eva,status,tx_hash
0x11a33c3895e589c56984da0c50629e9f43feff3b,5,success,0xa297550f2dc1c414387c3a66f07cad000551a072515580d5b93c3ba85ccb36e0
0x0604baa606e0d3ea112fe38bc5356ab96913980f,5,success,0xd6abcd0e240a14b436e38e840ed3cea3e642a702eafcdb7b923708a65b7b2c6a
0x182923f85f1485f931a830f83ef4a0b36ff4e2e2,5,success,0x8a31d1e092b370adee29ca59cd00b752c2d8df01bd582a763fe6785f4207d7d3
0xcf5349a36457ce5ae4bf4e5dae72a355c6bf5bf5,5,success,0x79a261ec3b535a15c8f80325f4decfb97947498501f56ae18cdd6fdcbf810b74
0xb364f0c221d8e7a2353568118c3d40e911f7cc53,5,success,0x842888bf0474897c24fea7a35b4494fb17a2b7ad909f36945e70d077f6791e98
0xb55b122495aecc8da5aee034e93367afa833ac72,5,success,0x50dadb2a1a604e740cee029101c8906e567a0cc881104cc1eba874300f1856a8
0xfbfd829a0acf02ac393ebe06136c17b67bc58a4c,5,success,0x7cfc0fb6e9737bb9c2aa26263477113044a34fb0b9067f2d81e7cc784988a4c7
0x1cfe5ef0ece8a363244a51bc99a6681d8af170cc,5,success,0x33a68a5a6a6e0f077c7dbad5fe6ff6bb600b2ad05e9f609abab15215caaf0fe7
0x394ecd123435e8970d88c89192fc83d6ae52aeb8,5,success,0x3af895016cee248495db0daa64e482fe5a5b51e133f6a35ac5255e65c97645f4
0xdc17d456a9b1a91e8eacf8c035aef986e5d31310,5,success,0x44072b66fce7bb35aa72786f1ee831af15ccf4973afa6e8656e43a1c2402dae2
