player,referrer,source
0x0002a1dbf5a1b5c3bb96fabb3ad0b2bf3f492ade,0x7cd608f8509f870669f8f73390815058bd2c85e0,file2
0x001878597b6b2a5efd0f548e94902d652a862653,0x5ee14ad58471186540bb494fb0d309327bff0fde,file2
0x01ce89092172501028b9acf2dec9965ab34d832a,0x5ee14ad58471186540bb494fb0d309327bff0fde,file2
0x02bb73841ebca74e3923301c6a3a96b2af993c56,0x8e7fe7f66f30da63bf73e6c066d161102a398b19,file2
0x036074b076c2dbaa3c9d27b7915be14b562c4d94,0xeaef0d634a43723f4304790538ebc14a7d5cfa0c,file1-v4
0x036bf8eea44ccb27ae4d215c2615d6a825b3e2f7,0x5ee14ad58471186540bb494fb0d309327bff0fde,file2
0x0416d415f28239912d67967beda5ffaef0561e89,0xc9bfc3383c329d4903de9d4822edb330ddd65184,file2
0x044c3d7b182d154a8981b4df1ac53cfa03b66359,0x04af9c141fd108730ac4d8532fdd2375deab917c,file1-v4
0x0467674bbf7e540a4954e9905c500c0e55407311,0x222550d049a3834f6f4300c3946480f158846d5e,file1-v4
0x04af9c141fd108730ac4d8532fdd2375deab917c,0xc8e31828f454f5d75b44c1c6d78641584b8c898c,file1-v4
0x05a76a91b94515da46f776935f5822469eee004d,0xae703fd67e101942465401bebe2c7d51fbd2f2d6,file1-v4
0x05c1b2f434e432d2b4332b29325435b37b380fc2,0x316e41c59e2917c3efbd708d77e917ec83125000,file2
0x065ba15b13c95b23baafcc77e7e9d52ab4d41c8f,0xeaef0d634a43723f4304790538ebc14a7d5cfa0c,file1-v4
0x0742bcfde199cce841bb05b140cb8e927686e7e1,0x316e41c59e2917c3efbd708d77e917ec83125000,file2
0x082adb1c120fa9c9a2460323cb36cf9e602c3dfb,0x5ee14ad58471186540bb494fb0d309327bff0fde,file2
0x082c93d7d4e28335f6fe880f8d52885f18bd8261,0x8e7fe7f66f30da63bf73e6c066d161102a398b19,file1-v4
0x084e0fd9096c4c409f5ca1f19e505b38fb8a0e89,0xe9fade45e618e11bd38a73803fb84e46a0cd6c62,file1-v4
0x0868c1d4a3dbdee4e8029692719934adfd43c955,0x0eb8169af1de46900b20fc31a1e8eb31366af567,file2
0x09a6fb3d79842c13f1691021bea85b4cf6cd8947,0x5ee14ad58471186540bb494fb0d309327bff0fde,file2
0x09b4a7c9cbe8fdbb7a098b6e17d92b109ee728f4,0x8e7fe7f66f30da63bf73e6c066d161102a398b19,file1-v4
0x09fbd54a75cf6b4b463003d36c5ec28afb785006,0x5ee14ad58471186540bb494fb0d309327bff0fde,file2-priority
0x0b043416bd98250a21cc3d168c5f4d02280819ab,0xc9bfc3383c329d4903de9d4822edb330ddd65184,file2
0x0b735a57950445da7d1bfbbbe245e5e615105eb0,0xc0c48012d14d2673baec8e2e3975629807ef9db3,file2
0x0bcff8defc0fbe3e6d29bc4001e9284490d59486,0xc9bfc3383c329d4903de9d4822edb330ddd65184,file2
0x0be87485148ad4001ccc928ee38ec41dc85ad5d2,0xae703fd67e101942465401bebe2c7d51fbd2f2d6,file1-v4
0x0c09cabaf3c5e611c5099187ebbb0662a8e88c9b,0x798b550766e9e708eafcd2b21c596453e3eb7256,file2
0x0c3c475a4e2caf83839baefa283648d97ed19a36,0x5ee14ad58471186540bb494fb0d309327bff0fde,file2
0x0c7c5838a5543efb70dee4fc994a45a7876bc619,0x9f157d563fbf376f90fe8b3452507649a2d6a38f,both
0x0d1327bd41602a4b2dc262eb3e92401a16f493ce,0xc0c48012d14d2673baec8e2e3975629807ef9db3,file2
0x0d1394c9a4eae8e77df12d6773f2a603bd42186d,0x17d2d1a091eaaea41b68eade0633b5dd0398be20,file2
0x0d810ab821ea0d6d053afacdd0e7850895fe008a,0xdecaea559624078a3a0d77430e6477df4e8cb8d3,file1-v4
0x0e83180ac860622d45c63e6468aad022beaad76e,0x7714ee5bec5a1e48adb196747b89a4e2960836f7,file2
0x0e94d69f6b9a95d6ad77193a7411679318dc1c31,0x4402340196da28ac48608ac996d229ae78fb3f2e,file1-v4
0x0eb8169af1de46900b20fc31a1e8eb31366af567,0x5ee14ad58471186540bb494fb0d309327bff0fde,file2
0x0ec4a86761bcffe701dac6d350514b17cb74e265,0x18cec7e703585796acda06dd098b6524009ed6f6,file2
0x0f01029ee7d5257fc3ab9dafd0f865de4e7f20b8,0xdecaea559624078a3a0d77430e6477df4e8cb8d3,file1-v4
0x0f1a3b039c065014088ff30805ef6caa6968c911,0x8689d1d8471bf5f97efe9fdd96fa242a596d7b49,file1-v4
0x0f804a8e337576aa959e8b43d2b5bf36d15b6ffd,0xae703fd67e101942465401bebe2c7d51fbd2f2d6,file1-v4
0x0f838503470a853ce53b010dc238bf9bedefdc37,0x65fa6c8a95fa431fbd9c5c9e8a3025b23ac50dec,file2
0x10ef5d2ceb9d30a7e21f02962aa941aa5fe1478f,0xe9fade45e618e11bd38a73803fb84e46a0cd6c62,file1-v4
0x11897e49d16080cb2958e0a4e0b2408ecca2ab6f,0x755bdee7977fd33701397f294cbe2767da4f5a04,both
0x1219c1ec0ef5dc99c16671590ec16c14ff548fdf,0x5ee14ad58471186540bb494fb0d309327bff0fde,file2
0x1303a7f66d25a123f0d7f3b8104b8f007fd6b6e8,0x9f157d563fbf376f90fe8b3452507649a2d6a38f,file2
0x1312300ae6f634e479694341b2d3540c9607dfa6,0xae703fd67e101942465401bebe2c7d51fbd2f2d6,file1-v4
0x140b55e5a1e55cbf87c964c494a16b3709a73afd,0x298739c5d431159d26b7de9e43a8c2e6e74a9063,file1-v4
0x14574efd2a74114f68aab23c5dcadca63ad9a7ea,0x755bdee7977fd33701397f294cbe2767da4f5a04,file2
0x152b2c6f6b02e9d878aefef552dfad8f1b9844a4,0x4250131facc5134f66e77c5ca3da3778d3454484,file1-v4
0x15832e34ff227a260770f24984040e0810aab134,0xe43c6d8a9674c5c3f8e97bea99197a076ce64ecd,file1-v4
0x15e73e52eb0fca29834c6b60db12a0baa33c1330,0xae703fd67e101942465401bebe2c7d51fbd2f2d6,file1-v4
0x164077f5c6b8b827561ea58eb4d70d0601cdabb0,0x09b4a7c9cbe8fdbb7a098b6e17d92b109ee728f4,file2
0x17d2d1a091eaaea41b68eade0633b5dd0398be20,0x5ee14ad58471186540bb494fb0d309327bff0fde,file2
0x182923f85f1485f931a830f83ef4a0b36ff4e2e2,0x8466c8e755900edbd8577e86b6f77e1a49a94534,file1-v4
0x1867dc9feaf0352fad2f8e0335d4cd70e973bd1c,0xf48eb579acd833e30afcdf43b158c567b3560076,file1-v4
0x18cec7e703585796acda06dd098b6524009ed6f6,0xdecaea559624078a3a0d77430e6477df4e8cb8d3,file2
0x1910e32276873c8171b46ff94658efa0f2276cb9,0x65fa6c8a95fa431fbd9c5c9e8a3025b23ac50dec,file2
0x191f78eb4f4122c28e00516d68253a501b93a14a,0x222550d049a3834f6f4300c3946480f158846d5e,file1-v4
0x197cb18a0cf919e84477b7434493c7c975dc0174,0xae703fd67e101942465401bebe2c7d51fbd2f2d6,file1-v4
0x1a14a16444da4dae54151ef0c5a63edd3fd39471,0xc8e31828f454f5d75b44c1c6d78641584b8c898c,file1-v4
0x1a60fdc5eac05cb6a7f11c53fa14b0294d5ec22a,0xdecaea559624078a3a0d77430e6477df4e8cb8d3,file1-v4
0x1ae66fd4311dc01c4e956fbd101f23812d880671,0x392d680e32082e34707622d9e1e8c8dd9bca2eec,file2
0x1b93cdf6d462eb2efdb8d250553ae733178a2e2f,0x933d688bcca42f9c768e48131391b21ad73916bb,both
0x1c4aeeb2182a528db5c6b0b2732b6aaa5f3d89d0,0xae703fd67e101942465401bebe2c7d51fbd2f2d6,file1-v4
0x1c6360d460a443f7dc5a8d3748ffb1e210f5d3c6,0x5ee14ad58471186540bb494fb0d309327bff0fde,file1-v4
0x1c66707075041e6eff478a3ae0dae08e7ea37d91,0x9cf6f1acecde88aa5176ee7b7ead9c3a5d1bb888,file2
0x1c9a993b157ed09fa09ad20104e8821296b997d1,0x30ee171af6a576499ff0170e59031f7744564535,file2
0x1da6f15b4ac576b9d27a97d70526fe8884fe199d,0x9722a306c07999963841ecb2de1e882ed6380a29,file1-v4
0x1e45ac7e8e5812f5032c326bb3b236a8424bec8e,0x1a60fdc5eac05cb6a7f11c53fa14b0294d5ec22a,file2
0x1f0111078d769868ed4170527704c07c0ade6905,0x09fbd54a75cf6b4b463003d36c5ec28afb785006,file2
0x1f3ce9e6e67762055fbd2e4fed21de425529839c,0x0c7c5838a5543efb70dee4fc994a45a7876bc619,file2
0x1f8ccffa461c3bf6305e0cc96eec4e058b0b014e,0x5ee14ad58471186540bb494fb0d309327bff0fde,file2
0x1fcb9f5d0bbaf6ad5e3efaa9e7b6c5534f176c33,0x8340f31194537ae7cb8724b7a9c4a49a6ab70501,file1-v4
0x1fd006fa50ec011a62b1acfaa43b02a5bf0b7a47,0xd6edad3c1e43f506ae6e48119484af098706eddf,file1-v4
0x20544138513a4a67932632ea23956ec0fda0587e,0x3dbae5950213a895045bf031b05b10457f33963e,file2
0x208807778a26704f945b8dd3a1c1da1769c0824c,0x3dbae5950213a895045bf031b05b10457f33963e,file2
0x20e5987713310755bed249feed6c6e770c2260db,0xc6831eddaeebe2ebfe5e98ec7123845a6dcaed6a,file1-v4
0x20ee886bb9b216bc30f8a64b56e43707533aa946,0xe43c6d8a9674c5c3f8e97bea99197a076ce64ecd,file1-v4
0x222ef228c33c73ef6ad2d1255e0a78fe2ac629dd,0x798b550766e9e708eafcd2b21c596453e3eb7256,file2
0x226e3b631d74eda2b6d63cbf9197c6318abe68eb,0xe9fade45e618e11bd38a73803fb84e46a0cd6c62,file1-v4
0x231c3b371c415b5275aa80d46899a4c5b40a193a,0xae703fd67e101942465401bebe2c7d51fbd2f2d6,file1-v4
0x23c3cf749136b290531aac3b215be2c801ae7c4a,0x5a89a3ffe3b4ef2a3cde621c8c464ecbe4240b50,file1-v4
0x246c2b283e8cbb92299f62695a0368be692ece61,0x755bdee7977fd33701397f294cbe2767da4f5a04,file2
0x24a673653322d54d85f1decf9113f9f6d83dc7a8,0xae703fd67e101942465401bebe2c7d51fbd2f2d6,file1-v4
0x254f67207ea8056dd246ad61422e6e1578dd789f,0xe43c6d8a9674c5c3f8e97bea99197a076ce64ecd,file1-v4
0x265315d82925fff381af3d435d141810b9c0b24f,0x7714ee5bec5a1e48adb196747b89a4e2960836f7,file2
0x26b054e8e329b9e0789dffaf63208ced4e922419,0xe6ec8ce2abb5e966d4538d8d78ce4f7ffe0b85dc,file2
0x2850547c3d48b8a4fa95ef9515ebf5d2d79a7436,0x8e7fe7f66f30da63bf73e6c066d161102a398b19,file2
0x289490897c073b0e5c40104559713b80991b6442,0x0b043416bd98250a21cc3d168c5f4d02280819ab,file2
0x294a2789cf15285e4736088793cdbca242a7015d,0xc8e31828f454f5d75b44c1c6d78641584b8c898c,file1-v4
0x298739c5d431159d26b7de9e43a8c2e6e74a9063,0x9545997091e07b5696477d18a2ee9e7c75a3b3b9,file1-v4
0x2a7637e33dfa7856ead528493eca88ba367b9667,0xe9fade45e618e11bd38a73803fb84e46a0cd6c62,file1-v4
0x2b06f170dfc7bad2ea432af4cdbd372f0ed1319a,0x8340f31194537ae7cb8724b7a9c4a49a6ab70501,file1-v4
0x2b2ef7e0a7440b823d33ad616a6ff2db61e1bba5,0xb55b122495aecc8da5aee034e93367afa833ac72,file2
0x2c3f2db4b7cf3e1526b3d942062bec3572f51cb2,0x316e41c59e2917c3efbd708d77e917ec83125000,file2
0x2c4a918dca0f5198454231ee16cc2d2594f3018e,0x8e7fe7f66f30da63bf73e6c066d161102a398b19,file2
0x2c93356052ca443e4c8b84561759b7e7c8dd06a6,0x798b550766e9e708eafcd2b21c596453e3eb7256,file2
0x2ce327c26ca75eb52a1a6377bab98f8d42ee1b24,0xe8fa65ae8e23874771fa6fd765b7eaf3e959e4d7,file2
0x2d13bf0655bd477d8137fbcf197c6023f85b2c8c,0x5ee14ad58471186540bb494fb0d309327bff0fde,file2
0x2da57863d1b8a35ba683a33cc1af6a8d3c7869e8,0xc6831eddaeebe2ebfe5e98ec7123845a6dcaed6a,file1-v4
0x2ded9eba64b19ebabddd8954c4ed6ff8fc60ff6a,0x30ee171af6a576499ff0170e59031f7744564535,file2
0x2ed751ff19eed9939b46d95f47dd38e0c99b52bd,0x0f1a3b039c065014088ff30805ef6caa6968c911,file2
0x2f0f32d10d7adbbd84d5cec06372ddbf5ba7d9d0,0x798b550766e9e708eafcd2b21c596453e3eb7256,file1-v4
0x2f755e051306471cb218121929d6df1d6a215c34,0x8466c8e755900edbd8577e86b6f77e1a49a94534,file1-v4
0x2fba0e14817f445e5e8870c4a713b24b5ac671f8,0x65fa6c8a95fa431fbd9c5c9e8a3025b23ac50dec,file2
0x30ee171af6a576499ff0170e59031f7744564535,0xb55b122495aecc8da5aee034e93367afa833ac72,file2
0x310612b5039b25f2ed7d9980890ae64f62068fad,0xae703fd67e101942465401bebe2c7d51fbd2f2d6,file1-v4
0x316e41c59e2917c3efbd708d77e917ec83125000,0x85feaa66405c16647f3aebc525137fb271e66a2e,file1-v4
0x31a17ca9f5c61fea8377100ecaa0f2a1909889b8,0x17d2d1a091eaaea41b68eade0633b5dd0398be20,file2
0x32115de556ccb905c95d4c6364ae3fbd90dbef30,0x0c19efa24be4a778a0780c79a8fe521a7b2740ce,file2
0x321647449f5980c19a8fcaa53cd3c0a4f87c472f,0xdecaea559624078a3a0d77430e6477df4e8cb8d3,file1-v4
0x3272a9d34dcb2692d2bdd0f4d82c567600f17791,0x316e41c59e2917c3efbd708d77e917ec83125000,file2
0x32c2c8398d9c6b2f894ae918722e05d7670e5bd1,0xd7e4c63331698e8d69f556f8089779f61237d59c,file2
0x337bb5b48d908465a818dce8fea774a7bb027c66,0xe43c6d8a9674c5c3f8e97bea99197a076ce64ecd,file1-v4
0x33c418278f0865fa72f0f018535e15ab6cfeedd9,0xfb7b49e4a4fe66c42c61d41094607fa11af8238c,file1-v4
0x34343807d2d9179f2b837b8ffcb43d891b75d495,0xeaef0d634a43723f4304790538ebc14a7d5cfa0c,file1-v4
0x35c21f2b25d82b0cd65e9d7a1ba5ea5bfd2a466f,0x8e7fe7f66f30da63bf73e6c066d161102a398b19,file2
0x35e772db02471c3e041ca138ca7990ce8bfe4e7e,0xdc616aa8afab3d82f39dbf56864cd4940ad31905,file2
0x35e81e938c1655e4a668a8fa9d91b8ef99b44729,0xc0bf9e24b53dd024c5c90fb38a899b12e4cca37e,file2
0x36300f99cc392491de5851960db42459f730e51d,0x17d2d1a091eaaea41b68eade0633b5dd0398be20,file2
0x36d2ee8dce85937796f250d79576dc46b03ad7f6,0x7cd608f8509f870669f8f73390815058bd2c85e0,file2
0x3764e07d8bbb8a6e599db087904bb2ee838a4a1b,0x5ee14ad58471186540bb494fb0d309327bff0fde,file2
0x379ffec2376e144970d637e262c88bfffab1c922,0xc6831eddaeebe2ebfe5e98ec7123845a6dcaed6a,file1-v4
0x3889da6798cf14574791fda4536a407739f92478,0xd82828e55a100637fb8c98a274c304ae87d29432,file1-v4
0x392d680e32082e34707622d9e1e8c8dd9bca2eec,0x5ee14ad58471186540bb494fb0d309327bff0fde,file2-priority
0x394ecd123435e8970d88c89192fc83d6ae52aeb8,0xc2a3657b8c5f50a0c66f7446f395230a04bd6a81,file1-v4
0x3a4c14f0397cf6739c14abd9d84acfabd0b4a1ee,0x09b4a7c9cbe8fdbb7a098b6e17d92b109ee728f4,file2
0x3adca30aff4ca36b7bde271cbcb6d87dd08bcd3d,0x30ee171af6a576499ff0170e59031f7744564535,file2
0x3b1c230876cfc9942c7a383f6d7d40dd2c50cb66,0xae703fd67e101942465401bebe2c7d51fbd2f2d6,file1-v4
0x3b82155647c357d38abd1f180950c59d08472495,0x798b550766e9e708eafcd2b21c596453e3eb7256,file2
0x3ba08e89a57a4e8cb58ebbe5965e5a76e930a753,0xae703fd67e101942465401bebe2c7d51fbd2f2d6,file1-v4
0x3c1b02d961f66c93515557bcca0d88ec6eb21b78,0x755bdee7977fd33701397f294cbe2767da4f5a04,file2
0x3d626bd7f59e925215a23f31c48c60767370fb83,0xeaef0d634a43723f4304790538ebc14a7d5cfa0c,file1-v4
0x3dbae5950213a895045bf031b05b10457f33963e,0xe8fa65ae8e23874771fa6fd765b7eaf3e959e4d7,file2
0x3e9e423eb6f14dea6a1d6e574bc3c2534e540942,0xc9bfc3383c329d4903de9d4822edb330ddd65184,file2
0x3ea9a7637dc5875606235b5683a746a1be8fa433,0x1a60fdc5eac05cb6a7f11c53fa14b0294d5ec22a,file1-v4
0x3f59ac670b58c82e3ce019ba66bba32d49375c5a,0xc6831eddaeebe2ebfe5e98ec7123845a6dcaed6a,file1-v4
0x3f5bc65b56e7769725b5b08ec20c4e05b68a1e2c,0xc415688a2e908c0b296c037670be363199c50817,file2
0x3f81aaf70f858c61e7c4c71cdeae05d167006acf,0x9f157d563fbf376f90fe8b3452507649a2d6a38f,file2
0x3fa262e815183f693b4a7affe912258df6b9e73d,0x8ed9686f40c4dbd89c6b86b84ee347d42b459c7c,file2
0x407a047eddbbee9c9c72cf4538e43088df323f64,0xe43c6d8a9674c5c3f8e97bea99197a076ce64ecd,file1-v4
0x40b4438c0ddcd10bfebd049cbaf4470b3a8e4f72,0x8e7fe7f66f30da63bf73e6c066d161102a398b19,file2
0x4250131facc5134f66e77c5ca3da3778d3454484,0x4cc4d14fabbf950de039245ece31c5e1be71d0cb,file1-v4
0x428ab2c13c13ac57d9ceafb218b7f83c8d1a3fd5,0x1c9a993b157ed09fa09ad20104e8821296b997d1,file2
0x433853d215b4bdb0672e2f7899e0f3c12b5d9e0a,0xf48eb579acd833e30afcdf43b158c567b3560076,file1-v4
0x43680c91995a2fa79f5b6d99b9f3dca1b0dc2999,0x798b550766e9e708eafcd2b21c596453e3eb7256,file2
0x4402340196da28ac48608ac996d229ae78fb3f2e,0x7f23c8372e1c2572f3d51d9ea79102bb600bb995,file1-v4
0x440813039fd72707a2b81546a049dce91a9bfee2,0x5ee14ad58471186540bb494fb0d309327bff0fde,file2
0x456424cc96bb0c1a50baf0b449d6f4141a5b4850,0x1a60fdc5eac05cb6a7f11c53fa14b0294d5ec22a,both
0x45691f334bf9871a143d284c4c7dcbe8601c8eb6,0x1a60fdc5eac05cb6a7f11c53fa14b0294d5ec22a,file1-v4
0x47041780043776ac1adfef6ea1e3b62bade1aed9,0xc6831eddaeebe2ebfe5e98ec7123845a6dcaed6a,file1-v4
0x4759d7c016a82bb5cd632fa8d8e5db13bbc3810f,0xdc616aa8afab3d82f39dbf56864cd4940ad31905,file2
0x47aac27978d1614656373aaafd0af7091617a101,0x222550d049a3834f6f4300c3946480f158846d5e,file1-v4
0x47b97003ca11f6aa5f154926fbd299e442cfe040,0x316e41c59e2917c3efbd708d77e917ec83125000,file2
0x47f35c4e3ce9957a37479a6e0b7184b26707c13a,0xb55b122495aecc8da5aee034e93367afa833ac72,file2
0x4886b971ef5139a0dacfd5885eb4e1dce9c14f75,0x222550d049a3834f6f4300c3946480f158846d5e,file1-v4
0x48a822f553353ff10f454a8cf9e78567ab3bece2,0x87bb34d6c98024746ec17f885fdb76922791489c,file2
0x491aa00fa05060ccd7c82aec8d46e60645eedecd,0x5ee14ad58471186540bb494fb0d309327bff0fde,file2
0x49e09ee3b5b7695197101f85103120b392a72b7f,0xecc28bec437fdf6b92c30b96b6c4e67f003694c6,file2
0x4a432ea127c3783d49cd3e3a77792e9397976119,0x5062d40c8114e6f8262fd2f31ce4526a0d8c90fa,file2
0x4bfe4420f4ebdb4b04d63dba0437e2d9e1f3533e,0xb8d6c45868f9afda9dd719b36802047b213ea6f1,file2
0x4d48f9640592f997a690d1cfe55b95f4694ef19b,0x222550d049a3834f6f4300c3946480f158846d5e,file1-v4
0x4d9378da9cfba3730792dbdceb79e7c5666289b8,0xe8fa65ae8e23874771fa6fd765b7eaf3e959e4d7,file2
0x4e9ac6006bb89dde6f7dafe212e96e1f5b6c52bc,0xae703fd67e101942465401bebe2c7d51fbd2f2d6,file1-v4
0x4f3942d58d1058e39a8fb39efa1f11d5d9d945a3,0xe43c6d8a9674c5c3f8e97bea99197a076ce64ecd,file1-v4
0x4f5b9ce8bf8e1d7db5d60271d457efa0c7f7a7c0,0x8e7fe7f66f30da63bf73e6c066d161102a398b19,file2
0x4fe634debf1ceace3ac537674cff79b4d600ff86,0x8b649313e5aa4ced2b248ca9072fd48644c36efa,file2
0x5055b24bf75da4f10725d7c820679a004117dd57,0xae703fd67e101942465401bebe2c7d51fbd2f2d6,file1-v4
0x5062d40c8114e6f8262fd2f31ce4526a0d8c90fa,0x8e7fe7f66f30da63bf73e6c066d161102a398b19,file2
0x50b41b3a57b0491235be8dce794904caf9289b98,0x8689d1d8471bf5f97efe9fdd96fa242a596d7b49,file1-v4
0x5161615d6e8fec99adead6debff6c5d9b02a892c,0x298739c5d431159d26b7de9e43a8c2e6e74a9063,file1-v4
0x53010ccd0bdc4343436d63fd85ad2e41c97d42d5,0x36d2ee8dce85937796f250d79576dc46b03ad7f6,file2
0x53265e014f9871c84e9e885151bf633f6a48e05a,0x8e7fe7f66f30da63bf73e6c066d161102a398b19,file2
0x532c5b7c7e172310937d4886772bdc58df4bfc65,0x65fa6c8a95fa431fbd9c5c9e8a3025b23ac50dec,file2
0x543b15c9761e5d3b63cb6333f59dafca00fa8b1a,0x5ee14ad58471186540bb494fb0d309327bff0fde,file2
0x547dde3c0cbfa61e3c980eaac893e620eb356c3c,0xc9bfc3383c329d4903de9d4822edb330ddd65184,file2
0x548f0cf3c5b1f58b57e6e1cca6eed8ccd59e3dab,0xc70f58eb16f16dba30ff2c08e8b39bc0989550ed,file2
0x54e0ee9b7be69d156a0907f7f6e278198ac4b03c,0x8fa53af35600a4cd259b0c6b9cda03004779b05c,file2
0x5539a731066aebed8dda5d17561a4c58b0e111ec,0xf48eb579acd833e30afcdf43b158c567b3560076,file1-v4
0x55ba1b88170d714873adeb212b6b2c5025fab22c,0xeaef0d634a43723f4304790538ebc14a7d5cfa0c,file1-v4
0x5644765d97507bd8793902f02a8fd4486ac817ae,0x0eb8169af1de46900b20fc31a1e8eb31366af567,file2
0x579962c7e0a71d9e18c7d3ebd30a8e49f001fa2a,0x316e41c59e2917c3efbd708d77e917ec83125000,file2
0x58a0b5c29e5665e354f2bb0e3057aef05fc08912,0x8e7fe7f66f30da63bf73e6c066d161102a398b19,file2
0x58e34ddc17a8d3c01c8d85c45bdc5035dec1bb54,0xc4eedea47242617977a77c35fe54f70d7e4bb2f0,file1-v4
0x58e45871174584fbf1af0e57f404ef4ce9deee45,0xe43c6d8a9674c5c3f8e97bea99197a076ce64ecd,file1-v4
0x592d5f79d081a719d487efeb55e8c822c3782ddd,0x809a51e7482e01a13d606c030588623789ec4a9b,file1-v4
0x5952c90d909c401c1c3fc512ef99f5aa289a3247,0x0467674bbf7e540a4954e9905c500c0e55407311,file1-v4
0x59afc6f2c02a84273298ea14c71534b8b9ea4332,0x798b550766e9e708eafcd2b21c596453e3eb7256,file2
0x5a0d6a490c0551ede443cc4211c8153cf4c33238,0x0c19efa24be4a778a0780c79a8fe521a7b2740ce,file2
0x5a89a3ffe3b4ef2a3cde621c8c464ecbe4240b50,0xd82828e55a100637fb8c98a274c304ae87d29432,file1-v4
0x5bec66f2178f941df9a94ee0a78cde48e331e324,0xdc616aa8afab3d82f39dbf56864cd4940ad31905,file2
0x5c32fc9ee7b5af511b5af1138e54fc454b5c5c00,0x798b550766e9e708eafcd2b21c596453e3eb7256,file2
0x5c6ef2b909053468443e45e5c3eacb1827fbd4e2,0x6567d3ef069779704d8e799c0f31638e72e48dd4,file2
0x5de0e68633b96d9ffd1d187863400238747860ac,0xe43c6d8a9674c5c3f8e97bea99197a076ce64ecd,file1-v4
0x5e05555532c04eae24b25191b7d5b4269f0f0ffe,0xe43c6d8a9674c5c3f8e97bea99197a076ce64ecd,file1-v4
0x5ecf418a8ab1e327310771fcc8819fdc8b27d6b4,0x9f157d563fbf376f90fe8b3452507649a2d6a38f,file2
0x5ee14ad58471186540bb494fb0d309327bff0fde,0x9545997091e07b5696477d18a2ee9e7c75a3b3b9,file1-v4
0x60d5f38bf3de0c8f10356c7c47c4b9ad2afebb77,0x222550d049a3834f6f4300c3946480f158846d5e,file1-v4
0x6109ea30a4557d42eeb405f43b38ae8e8850edcb,0x30ee171af6a576499ff0170e59031f7744564535,file2
0x6196ad1b23740c3dfe4b3bc773215952653c9d21,0xc9bfc3383c329d4903de9d4822edb330ddd65184,file1-v4
0x61b64bb228ccd24baaa5a0b60fc611e241f19b8d,0xdc616aa8afab3d82f39dbf56864cd4940ad31905,file2
0x61f0fdb65d93088c20e24723608a029d3d80959f,0x45691f334bf9871a143d284c4c7dcbe8601c8eb6,file1-v4
0x62f5f969e5329e91bbc959bf3c6896b20b7fa0ba,0x65fa6c8a95fa431fbd9c5c9e8a3025b23ac50dec,file2
0x630d9a06a38009da2040efc152d8800a8b3be35d,0xa23faaa3e84cda4b97e754c05d2e3020f50dc3ed,file2
0x637cec1093b3acc7fe5a65b1fb0e99a965a7c6fd,0x798b550766e9e708eafcd2b21c596453e3eb7256,file2
0x6447c48373c1af270999ceaae85ff59a72bb325f,0x8e7fe7f66f30da63bf73e6c066d161102a398b19,file2
0x651337c38b62c282d351bcdec270c820a7c89840,0xae703fd67e101942465401bebe2c7d51fbd2f2d6,file1-v4
0x6530ae82c0c12c52011d376a20d39798c9c0cb99,0x798b550766e9e708eafcd2b21c596453e3eb7256,file2
0x6567d3ef069779704d8e799c0f31638e72e48dd4,0x5ee14ad58471186540bb494fb0d309327bff0fde,file2
0x65fa6c8a95fa431fbd9c5c9e8a3025b23ac50dec,0x9545997091e07b5696477d18a2ee9e7c75a3b3b9,file1-v4
0x6694be6cb2eb777a786ee9c97349d7007ec6559e,0xae703fd67e101942465401bebe2c7d51fbd2f2d6,file1-v4
0x66a2dcb87acb701cfb2d42e84dbe11d8f6c33c3a,0xc415688a2e908c0b296c037670be363199c50817,file2
0x67e6e2b68f52ea3bd5aec2bdf98d72b624ed3920,0x5ee14ad58471186540bb494fb0d309327bff0fde,file2
0x6933a863e4d13b467aac698aabeb918a370af19b,0xb55b122495aecc8da5aee034e93367afa833ac72,file2
0x69526f156805f1955e52d7b8f2574d99247dc227,0xaefd53a5a1e1743d4972229f5ffdb90d66c0d6a2,file2
0x697805b0fee164a2ecd4a4e480d574a12c86f2d6,0x7cd608f8509f870669f8f73390815058bd2c85e0,file2
0x69dec6b4c817f9ddaffec321c21917d2a83896fe,0x222550d049a3834f6f4300c3946480f158846d5e,file1-v4
0x6b2151169b720b9479cf74c37306733d15e71c40,0x3dbae5950213a895045bf031b05b10457f33963e,file2
0x6b49c96cabc1dba252c790531e75ad5d5c41808f,0xeaef0d634a43723f4304790538ebc14a7d5cfa0c,file1-v4
0x6b76f3b67dbbf9ee14dac2ea066508500a8c90fd,0x26b054e8e329b9e0789dffaf63208ced4e922419,file2
0x6b8fcc54d43466933dc45fdd0733c4f5882bdb7d,0xe9fade45e618e11bd38a73803fb84e46a0cd6c62,file1-v4
0x6ba7fe2588b6be893faaa8f3dd4b94cb2a04af87,0x8e7fe7f66f30da63bf73e6c066d161102a398b19,file2
0x6bb81ab0fa1cc099c0334372b2a00e1800def7d2,0x8e7fe7f66f30da63bf73e6c066d161102a398b19,file2
0x6c2f96ec346f5b63a006262b1dce72c60acdfc7d,0x222550d049a3834f6f4300c3946480f158846d5e,file1-v4
0x6df006bcda556fb3a42ad53b0ca95ba2b3dcd1c2,0x5ee14ad58471186540bb494fb0d309327bff0fde,file2
0x6df743bb6f891682ad3f4f0c4cfdb77a2bf4583b,0xae703fd67e101942465401bebe2c7d51fbd2f2d6,file1-v4
0x6e2d51c4a1bff9d8913d30133ea1656054928722,0xc415688a2e908c0b296c037670be363199c50817,file2
0x6e4447cbf9881bd81c1750e752fd2229c16e16d1,0xe9fade45e618e11bd38a73803fb84e46a0cd6c62,file1-v4
0x6f122ef2253071e97800dcd2f8da9d847e57f33a,0x8e7fe7f66f30da63bf73e6c066d161102a398b19,file2
0x6f36709611854797a429cf477347cb90992baf8f,0x65fa6c8a95fa431fbd9c5c9e8a3025b23ac50dec,file2
0x6f5270f057323bfe69d1bdf595ef3386bf9809ae,0x1a60fdc5eac05cb6a7f11c53fa14b0294d5ec22a,file1-v4
0x708644a67868a18a62e4eefdb76a7138ab8586ab,0x7a33398b6e63c70f203ee45aabb4e9d8715b9117,file2
0x710460adf24529c8aaeb774c0da97e8b4b19cfef,0x8e7fe7f66f30da63bf73e6c066d161102a398b19,file1-v4
0x71290c540e0d86134f714077a000b9763b89774a,0xc8e31828f454f5d75b44c1c6d78641584b8c898c,file1-v4
0x7135dfe6af871cb62bd4ca99a505a41e66196e77,0x1c66707075041e6eff478a3ae0dae08e7ea37d91,file2
0x71878c7e292d401d845a118c32dc5ddd574c51ac,0x0d810ab821ea0d6d053afacdd0e7850895fe008a,file2
0x71babae88c8e6eb5c0dff369b50738f039bd165f,0x30ee171af6a576499ff0170e59031f7744564535,file2
0x728cae96d62d2c2bd6984c090a82698267c3ff46,0x5ee14ad58471186540bb494fb0d309327bff0fde,file2
0x72d8186f6de743721094a45054c07caf2716d09f,0x798b550766e9e708eafcd2b21c596453e3eb7256,file1-v4
0x73dbf4e2bd76c5b584ef497b3af4cea621f4edcb,0xecc28bec437fdf6b92c30b96b6c4e67f003694c6,file2
0x7436f4c40e946967aa37814d7da4f40da02686d4,0x65fa6c8a95fa431fbd9c5c9e8a3025b23ac50dec,file2
0x7444f4b730bd558956b57516c9fc9fcfb20c706a,0x832e14f204d3cb19e67e1a614582357e0fae10ba,file1-v4
0x74c871b884433c36bcfaf3e6260a68b33991cb52,0x8e7fe7f66f30da63bf73e6c066d161102a398b19,file2
0x755bdee7977fd33701397f294cbe2767da4f5a04,0x316e41c59e2917c3efbd708d77e917ec83125000,file1-v4
0x7605bf087e105a40ddf2ceb3b0d396cef4b11d25,0xb55b122495aecc8da5aee034e93367afa833ac72,file2
0x767f658a03d64441087cdd4a77fb888eb095e264,0x8b649313e5aa4ced2b248ca9072fd48644c36efa,file2
0x7714ee5bec5a1e48adb196747b89a4e2960836f7,0x5ee14ad58471186540bb494fb0d309327bff0fde,file2-priority
0x771b7fe2d67230da4c6ac4f8b1926a302375b281,0xe9fade45e618e11bd38a73803fb84e46a0cd6c62,file1-v4
0x779c4173ddb15cf7c9a1b5fe7a8fe6f855589074,0x392d680e32082e34707622d9e1e8c8dd9bca2eec,file2
0x77d760b727bfc960c6634cae910e75af0c1ceac7,0x316e41c59e2917c3efbd708d77e917ec83125000,file2
0x784846770db69e2e925f479765e6b7b112d9e648,0x0d810ab821ea0d6d053afacdd0e7850895fe008a,file2
0x78d6fda41e2209ed007742aa73b4d7017f998a1a,0x933d688bcca42f9c768e48131391b21ad73916bb,file2
0x790aa26a628995fe7d9c258987c3a9d394442c7f,0xe43c6d8a9674c5c3f8e97bea99197a076ce64ecd,file1-v4
0x794e91d76ea72eba67f020a43528010d17e90622,0xe8fa65ae8e23874771fa6fd765b7eaf3e959e4d7,file2
0x798b550766e9e708eafcd2b21c596453e3eb7256,0x5ee14ad58471186540bb494fb0d309327bff0fde,file2
0x7992938e35b0a2b536e60fef57ef827b61d20f6b,0x8e7fe7f66f30da63bf73e6c066d161102a398b19,file2
0x7a33398b6e63c70f203ee45aabb4e9d8715b9117,0x65fa6c8a95fa431fbd9c5c9e8a3025b23ac50dec,file2
0x7ab1acc2edb75cf3693e82c11f36c04d26ccf11d,0x7cd608f8509f870669f8f73390815058bd2c85e0,file2
0x7b805b13d769e14c783dd2114caa624c42529f77,0x316e41c59e2917c3efbd708d77e917ec83125000,file2
0x7cbe35e33acc2bbf984d22539fc527163268858d,0xe43c6d8a9674c5c3f8e97bea99197a076ce64ecd,file1-v4
0x7ce0eb0e8965c7b67320b6ccc6c733cc2b8a0b38,0x1c66707075041e6eff478a3ae0dae08e7ea37d91,file2
0x7d0cc1ff09d282fde51971f18f3165f9f42a99a3,0x09fbd54a75cf6b4b463003d36c5ec28afb785006,file2
0x7e85cd8d58ca5f3542b9c9f3a56a20f9c9d5b107,0x8e7fe7f66f30da63bf73e6c066d161102a398b19,file2
0x7f23c8372e1c2572f3d51d9ea79102bb600bb995,0x1a60fdc5eac05cb6a7f11c53fa14b0294d5ec22a,file1-v4
0x809a51e7482e01a13d606c030588623789ec4a9b,0x8466c8e755900edbd8577e86b6f77e1a49a94534,file1-v4
0x8172f238e007be0e0c5cdb339082f3e394c503f2,0x8e7fe7f66f30da63bf73e6c066d161102a398b19,file2
0x81e274d02db679d5bcece27285a8ae13c1a3a1e7,0x809a51e7482e01a13d606c030588623789ec4a9b,file1-v4
0x82e5e1af6f960bda48872887f0c7caacbac78356,0xc2a3657b8c5f50a0c66f7446f395230a04bd6a81,file1-v4
0x8340f31194537ae7cb8724b7a9c4a49a6ab70501,0xe43c6d8a9674c5c3f8e97bea99197a076ce64ecd,file1-v4
0x836a290b1eb47d79e71383e1932884a32139d41c,0x8ed9686f40c4dbd89c6b86b84ee347d42b459c7c,file2
0x83cee9a0160162ecf94ee6c767a671ea251557c7,0xe43c6d8a9674c5c3f8e97bea99197a076ce64ecd,file1-v4
0x83fe0bcde0b2ed5984a393c92983fb3a05f2651c,0x5ee14ad58471186540bb494fb0d309327bff0fde,file2
0x8466c8e755900edbd8577e86b6f77e1a49a94534,0x0467674bbf7e540a4954e9905c500c0e55407311,file1-v4
0x84a4033f8a7e4221af7873bb5aa4c26f572d7d4d,0xf48eb579acd833e30afcdf43b158c567b3560076,file1-v4
0x85b25236daf01762343e8acbdedd3b421480b607,0x8689d1d8471bf5f97efe9fdd96fa242a596d7b49,file1-v4
0x85bb1f3829db8f3fec2c46536e489e4859ec893e,0x87bb34d6c98024746ec17f885fdb76922791489c,file2
0x85e4ae8c3fc11943669b14d6b4f3b6438299f2eb,0x755bdee7977fd33701397f294cbe2767da4f5a04,file2
0x85feaa66405c16647f3aebc525137fb271e66a2e,0x0467674bbf7e540a4954e9905c500c0e55407311,file1-v4
0x864214dc198617dab2cf3168bf8966b924020d60,0x755bdee7977fd33701397f294cbe2767da4f5a04,file2
0x8689d1d8471bf5f97efe9fdd96fa242a596d7b49,0x0467674bbf7e540a4954e9905c500c0e55407311,file1-v4
0x87a38d7fe3c77a391f31046160405f5210c72a46,0x5ee14ad58471186540bb494fb0d309327bff0fde,file2
0x87b28a1cfee496117029e84e4666d71b97bf57f9,0x65fa6c8a95fa431fbd9c5c9e8a3025b23ac50dec,file2
0x87bb34d6c98024746ec17f885fdb76922791489c,0x5ee14ad58471186540bb494fb0d309327bff0fde,file2
0x8892554f0253b22934bfacf42318d0e9d87bc505,0x8e7fe7f66f30da63bf73e6c066d161102a398b19,file1-v4
0x88db7645a43f59611e9983d13c46886b17cd9ba0,0xf48eb579acd833e30afcdf43b158c567b3560076,file1-v4
0x892e2b642a9a0ea18298510ce453c8e4938c78e0,0x5ee14ad58471186540bb494fb0d309327bff0fde,file2
0x8945bc5d9197261bdb784c86594fb651d2dd65bf,0x8e7fe7f66f30da63bf73e6c066d161102a398b19,file2
0x89b2afc0ccac2832b83957e5e30a95a74ab3b67f,0x316e41c59e2917c3efbd708d77e917ec83125000,file2
0x89ff0b50c3ad4a9a1481d66560861a9bb9458b67,0x316e41c59e2917c3efbd708d77e917ec83125000,file2
0x89ff5cd735aadaf420d7494ed59c526d5a2bb32f,0x4250131facc5134f66e77c5ca3da3778d3454484,file1-v4
0x8a8ea4ccf96ceeafbaa95e67bbb486770b5fb71e,0xe9fade45e618e11bd38a73803fb84e46a0cd6c62,file1-v4
0x8b649313e5aa4ced2b248ca9072fd48644c36efa,0x8e7fe7f66f30da63bf73e6c066d161102a398b19,file2
0x8cbef5c0479c64108e9871cc6efd0a930608f46e,0x65fa6c8a95fa431fbd9c5c9e8a3025b23ac50dec,file2
0x8e07429789e423c20aff59b095fd9bf1ae871f02,0x798b550766e9e708eafcd2b21c596453e3eb7256,file2
0x8e19f186b63ea0121af4dff39a8e10873c71e797,0xe9fade45e618e11bd38a73803fb84e46a0cd6c62,file1-v4
0x8e34f2785c441a9b9be1fb40a6e457ab37b70f4b,0x4cc4d14fabbf950de039245ece31c5e1be71d0cb,file1-v4
0x8e7fe7f66f30da63bf73e6c066d161102a398b19,0xdecaea559624078a3a0d77430e6477df4e8cb8d3,file1-v4
0x8ed9686f40c4dbd89c6b86b84ee347d42b459c7c,0x87bb34d6c98024746ec17f885fdb76922791489c,file2
0x8f3e8226f7b8479d62abdb2808c9a1c22aaaabb4,0xb55b122495aecc8da5aee034e93367afa833ac72,file2
0x8fa53af35600a4cd259b0c6b9cda03004779b05c,0xb55b122495aecc8da5aee034e93367afa833ac72,file2
0x8fb01d09c17696b457e2583f383bf8f30ee1a5bf,0x294a2789cf15285e4736088793cdbca242a7015d,file1-v4
0x90c6cc01ec5adc42a6d577e281745eccc87ae7a3,0xe1081f58f2cf9d99fa972a4e401f557c6e76f855,file2
0x9177f2aa21714f4863dd8d9ea146d1d545e995a1,0xe43c6d8a9674c5c3f8e97bea99197a076ce64ecd,file1-v4
0x91e5de098e057385e36ba972c673ae33973f52f3,0x09fbd54a75cf6b4b463003d36c5ec28afb785006,file2
0x924aac17fa40417c2994d18224f249265e5bd85b,0xe9fade45e618e11bd38a73803fb84e46a0cd6c62,file1-v4
0x927b7232b12da00ffc34a24df7386367742c43d3,0xae703fd67e101942465401bebe2c7d51fbd2f2d6,file1-v4
0x933d688bcca42f9c768e48131391b21ad73916bb,0x8e7fe7f66f30da63bf73e6c066d161102a398b19,both
0x944ac0c8e92470c7ccc8260083d59996943ec8ed,0x7cd608f8509f870669f8f73390815058bd2c85e0,file2
0x9545997091e07b5696477d18a2ee9e7c75a3b3b9,0x45691f334bf9871a143d284c4c7dcbe8601c8eb6,file1-v4
0x958aaf40b8a6b8d1087d3ec20f866da8d6fc44da,0x45691f334bf9871a143d284c4c7dcbe8601c8eb6,file1-v4
0x95ccf809946bf9bcbd9807c5ad7cb9240b92d16a,0x7cd608f8509f870669f8f73390815058bd2c85e0,file2
0x9623d3eece098611a611caf9103b7232717f44d8,0xe9fade45e618e11bd38a73803fb84e46a0cd6c62,file1-v4
0x96a544b2e0efec9f44aeab3a4b27a492ae1efed3,0x36d2ee8dce85937796f250d79576dc46b03ad7f6,file2
0x96b9fc8a3a20bd582bcd9f9352e661612d70b55f,0x5ee14ad58471186540bb494fb0d309327bff0fde,file2
0x96f910bb6b0f9820cadeac794e502ee11b7411a4,0xdc616aa8afab3d82f39dbf56864cd4940ad31905,file2
0x9722a306c07999963841ecb2de1e882ed6380a29,0x45691f334bf9871a143d284c4c7dcbe8601c8eb6,file1-v4
0x98415061cbc36a3f844c16b7aa91b3278cf370fb,0x5ee14ad58471186540bb494fb0d309327bff0fde,file2
0x986028a4ba8851ba1e00de8faff66f3576f74b11,0x17d2d1a091eaaea41b68eade0633b5dd0398be20,file2
0x9869e37e02eea63bed9b9f17fdf89bb3c1ee864b,0xe43c6d8a9674c5c3f8e97bea99197a076ce64ecd,file1-v4
0x98b13063abf68786947ec161c13a67dc52b6bb35,0x17d2d1a091eaaea41b68eade0633b5dd0398be20,file2
0x995d23e7852fea26d4e08f86be5f096f84532812,0x0467674bbf7e540a4954e9905c500c0e55407311,file1-v4
0x99bd450578d422a17c305914cb9d83b744229991,0xe43c6d8a9674c5c3f8e97bea99197a076ce64ecd,file1-v4
0x99fda3a9c376810e177de8d6f8410343c7b33bc8,0x1a60fdc5eac05cb6a7f11c53fa14b0294d5ec22a,file2
0x9b30bb944e9238f833316967318974135ba85cc5,0x8172f238e007be0e0c5cdb339082f3e394c503f2,file2
0x9b48340e3f71d4ba4beb2fa92595a5bbf9e7b1c8,0xc8e31828f454f5d75b44c1c6d78641584b8c898c,file1-v4
0x9b59416cf2bdce09f34eb0db416fbf56d68c4796,0x5ee14ad58471186540bb494fb0d309327bff0fde,file2
0x9b72d917e97acd25b5e1d7e3ceabc21de70e6d31,0x316e41c59e2917c3efbd708d77e917ec83125000,file2
0x9c56e056b5b0aaa246354e6bedc584b3786f8965,0x0eb8169af1de46900b20fc31a1e8eb31366af567,file2
0x9c65111e39025825c210f352d7b7265d9c30e6b1,0xd82828e55a100637fb8c98a274c304ae87d29432,file1-v4
0x9cf6f1acecde88aa5176ee7b7ead9c3a5d1bb888,0x8ed9686f40c4dbd89c6b86b84ee347d42b459c7c,file2
0x9de1dba082bb22b06cbbd617b5b3fc49f8aebe06,0xe492a55007a1eb6dc694b5293b2fed8ab8e8607d,file2
0x9e867487a2edc097ce86e275014133fd0a0002dc,0xdcd71f651ea4729bd399f95d74ca312a10e0464e,file1-v4
0x9f157d563fbf376f90fe8b3452507649a2d6a38f,0x45691f334bf9871a143d284c4c7dcbe8601c8eb6,file1-v4
0xa0c34938465fc35822c996a8c017ba5c18a9671c,0xe43c6d8a9674c5c3f8e97bea99197a076ce64ecd,file1-v4
0xa0f69d4ac3a13953235bc796a032a08fd90c5766,0x09b4a7c9cbe8fdbb7a098b6e17d92b109ee728f4,file2
0xa20ea6f8f5e638fdf5df4addfd7b4dea16a08e9f,0xe8fa65ae8e23874771fa6fd765b7eaf3e959e4d7,file2
0xa32986ec2c3b625ef6920c65adc5cdb390535334,0x7cd608f8509f870669f8f73390815058bd2c85e0,file2
0xa5011fc035aa581b45a9da75e6b84e0ef54e4485,0xc703cd7bc5784710792c93e1e08cfd545a64d733,file2
0xa58a77762bb374d778e9503ab3ec1eb612f62dc9,0xe8fa65ae8e23874771fa6fd765b7eaf3e959e4d7,file2
0xa59299e610b09f8f8ec8b44954bdbecb0d314cce,0x798b550766e9e708eafcd2b21c596453e3eb7256,file2
0xa5f7fc4ba9c0402edf8bf38337928f5f9cb8c0c3,0x1a60fdc5eac05cb6a7f11c53fa14b0294d5ec22a,file1-v4
0xa63127bd83df65482d4038a1a981740b548a8b60,0x8e7fe7f66f30da63bf73e6c066d161102a398b19,file2
0xa653fde86b90ea41a07ba14644caf124e3abbec2,0x8e7fe7f66f30da63bf73e6c066d161102a398b19,file2
0xa689b02b09a26db2380ec44db185c3e630ff8c26,0xe9fade45e618e11bd38a73803fb84e46a0cd6c62,file1-v4
0xa6c42f20cba8f5ea427dc20ba785a3555b42e5b4,0x5ee14ad58471186540bb494fb0d309327bff0fde,file2
0xa6eb3504bffb543655f97eb30c136acd84be0f82,0xae703fd67e101942465401bebe2c7d51fbd2f2d6,file1-v4
0xa6fc04a60ba7e6f2502c322779eb9f3c4dff6865,0xae703fd67e101942465401bebe2c7d51fbd2f2d6,file1-v4
0xa75b4db8cdf47807f50973968a69ea6365c16569,0x8737c9699f566cc8a008c466284a2959e1ce4d6b,file2
0xa767b27b3dc7ce32a990a9652bd255c52e17fbaa,0x1a60fdc5eac05cb6a7f11c53fa14b0294d5ec22a,both
0xa8bec8a883d2ea7120612790e5ca2ba1f511a49d,0x222550d049a3834f6f4300c3946480f158846d5e,file1-v4
0xa8f7f022316aba058a215a32c2b1335d7badad3a,0xa9fe0d47bb1d47904db4e3cad1c0108af2cb6f35,file1-v4
0xa9fe0d47bb1d47904db4e3cad1c0108af2cb6f35,0x222550d049a3834f6f4300c3946480f158846d5e,file1-v4
0xaa6b9c8302bec61701b867ae1be14d357448f84f,0x17d2d1a091eaaea41b68eade0633b5dd0398be20,file2
0xaaf9388c66909364f8aabe1cddb27e2724eefc4e,0xb55b122495aecc8da5aee034e93367afa833ac72,file2
0xab6cfbe7be822c588500c4e024a1a50386f02e60,0xd82828e55a100637fb8c98a274c304ae87d29432,file1-v4
0xab9bf5cc5d87c414cfc42b0282f0582a16e6fe71,0xdc616aa8afab3d82f39dbf56864cd4940ad31905,file2
0xabb9d86de04364f55809dfb2ff04b540ed2d42e5,0xe9fade45e618e11bd38a73803fb84e46a0cd6c62,file1-v4
0xac2d036fe07909adca0933820851198d510e37e1,0x7cd608f8509f870669f8f73390815058bd2c85e0,file2
0xac6d570e92d64a58ea8f38710bbc13e3b211dc51,0xdc616aa8afab3d82f39dbf56864cd4940ad31905,file2
0xac91f2f5dd4ee802f5b5d472370de512c0575153,0x5ee14ad58471186540bb494fb0d309327bff0fde,file2
0xad7caef983d7785c4cc6cc8e1f3c582b8a99c195,0xc2a3657b8c5f50a0c66f7446f395230a04bd6a81,file1-v4
0xaefd53a5a1e1743d4972229f5ffdb90d66c0d6a2,0xb10809689226b086396dde4fc458dc1fa383a446,file2
0xaf628b18b511612a22de232b32c9bfeeabb79e73,0x5ee14ad58471186540bb494fb0d309327bff0fde,file2
0xb03b8a57031e4659127582a888c9ff9c8703f9dc,0x26b054e8e329b9e0789dffaf63208ced4e922419,file2
0xb05413e3de6c258fa2a2bfed167be9ff1296df52,0x9f157d563fbf376f90fe8b3452507649a2d6a38f,both
0xb0d1d1a2f8aebe547a99886831d20d59630d92b7,0x85feaa66405c16647f3aebc525137fb271e66a2e,file1-v4
0xb1375e25042e116471bdb44f4586f43aa4a4cd31,0xc6831eddaeebe2ebfe5e98ec7123845a6dcaed6a,file1-v4
0xb2cdec91d771689bf1bde631f0a56079fadeb7fa,0x85feaa66405c16647f3aebc525137fb271e66a2e,file1-v4
0xb34dea910e8b90d521efeecce083a8e16bc94050,0x09b4a7c9cbe8fdbb7a098b6e17d92b109ee728f4,file2
0xb377aae151e3c55b5a68877b78f6a0e6119513aa,0x7714ee5bec5a1e48adb196747b89a4e2960836f7,file2
0xb4eef0a42c0c8b7d7d57dc39563ebe4b6cafff35,0xae703fd67e101942465401bebe2c7d51fbd2f2d6,file1-v4
0xb50c26336b11b105b7d5879bbeb079292cecc2ee,0x832e14f204d3cb19e67e1a614582357e0fae10ba,file1-v4
0xb55a85c6e578e28393bca212efa47760046acbf2,0x23c3cf749136b290531aac3b215be2c801ae7c4a,file1-v4
0xb55b122495aecc8da5aee034e93367afa833ac72,0x8e7fe7f66f30da63bf73e6c066d161102a398b19,file1-v4
0xb55c5e565b310a9e58866ecbfb1baf9449b8f8a9,0x8ed9686f40c4dbd89c6b86b84ee347d42b459c7c,file2
0xb6546ad5bd26c4904139ff7407ac780d85c6c3b9,0x65fa6c8a95fa431fbd9c5c9e8a3025b23ac50dec,file2
0xb69d0dc0635c280500a4aa7b218fcb9969b8ff07,0xe8fa65ae8e23874771fa6fd765b7eaf3e959e4d7,file2
0xb6c7008fb818bb786928c2cb145ff6e2f3d0c6e9,0x9f157d563fbf376f90fe8b3452507649a2d6a38f,file2
0xb6d7b08ba2c539e057584e5b4d7e74fea90e5ffe,0x5ee14ad58471186540bb494fb0d309327bff0fde,file2
0xb779d79ba85b3fdc14ffd043e316bf06a441746d,0x8e7fe7f66f30da63bf73e6c066d161102a398b19,file2
0xb779e8e8ecef77850680304c4641667314a4585a,0xc4eedea47242617977a77c35fe54f70d7e4bb2f0,file1-v4
0xb77ce39477b9bfa7df1ec1bff4ed8a97253019d3,0xe0de11163fee74574b99e5bd9f9d2a6d1cf79dfa,file2
0xb7dccc88f93acd5cb13ea12e41e32ac169206c5e,0x392d680e32082e34707622d9e1e8c8dd9bca2eec,file2
0xb801e7ca4cd0db343516c8e263683f785924b49b,0xe9fade45e618e11bd38a73803fb84e46a0cd6c62,file1-v4
0xb84ea0dca98f915df10400ba99f3586805fff2ca,0x3dbae5950213a895045bf031b05b10457f33963e,file2
0xb862c006bd4dc4b304209a376921be8d00e34311,0x316e41c59e2917c3efbd708d77e917ec83125000,file2
0xb880a827e7859e3f04a4840b82a2cdd83f7f61d0,0xe9fade45e618e11bd38a73803fb84e46a0cd6c62,file1-v4
0xb8d6c45868f9afda9dd719b36802047b213ea6f1,0x316e41c59e2917c3efbd708d77e917ec83125000,file2
0xb8f6f764aef8cdfcda200f8b54dc4614eb347a54,0xc0bf9e24b53dd024c5c90fb38a899b12e4cca37e,file2
0xb96bd8dbf7378287325fb99bb814c72ff067af92,0x7714ee5bec5a1e48adb196747b89a4e2960836f7,file2
0xb98ae35be0854e592bb73dad535837d6365ef963,0xae703fd67e101942465401bebe2c7d51fbd2f2d6,file1-v4
0xba14b1cefce39c134639ab40eaac7f2a39c10bab,0xae703fd67e101942465401bebe2c7d51fbd2f2d6,file1-v4
0xba27038fd0c9f059113df39766e4a5b5968dcbb0,0xdc616aa8afab3d82f39dbf56864cd4940ad31905,file2
0xba9f8506c99a3647fcf1024ba2ef9d8c75651d41,0x755bdee7977fd33701397f294cbe2767da4f5a04,file2
0xbba4ac0ce40ff9db5210746e5cc87b1fb5abbc03,0x4cc4d14fabbf950de039245ece31c5e1be71d0cb,file1-v4
0xbbf7c81e9104fd631b22a641f59bd677b86a0bc9,0x0f1a3b039c065014088ff30805ef6caa6968c911,file2
0xbd1b03670f687a0a6e9c1e3084fc6e8fa7a85e67,0xae703fd67e101942465401bebe2c7d51fbd2f2d6,file1-v4
0xbdd358c7019bd2e8ca92b9ed47d2effc38f738dd,0x8e7fe7f66f30da63bf73e6c066d161102a398b19,file2
0xbe82f46267806663e864968c52ba63d6b29379a4,0xe43c6d8a9674c5c3f8e97bea99197a076ce64ecd,file1-v4
0xbf35f752e11c342a4e153c4c55a874b2d2a87946,0x5ee14ad58471186540bb494fb0d309327bff0fde,file2
0xc025a0e096e32827aa6f900415daaf9deb50120f,0xdecaea559624078a3a0d77430e6477df4e8cb8d3,file1-v4
0xc0bf9e24b53dd024c5c90fb38a899b12e4cca37e,0x9f157d563fbf376f90fe8b3452507649a2d6a38f,file2
0xc0c48012d14d2673baec8e2e3975629807ef9db3,0x0b043416bd98250a21cc3d168c5f4d02280819ab,file2
0xc0d2534180ca21de5e3e8717198ba17e6dc3032c,0xdecaea559624078a3a0d77430e6477df4e8cb8d3,file1-v4
0xc17ae115d09f608f2e89c45a90a888e6f2524ab8,0x298739c5d431159d26b7de9e43a8c2e6e74a9063,file1-v4
0xc1aa08cfb557e7b643eb5bc00a5f92faf145892c,0xdc616aa8afab3d82f39dbf56864cd4940ad31905,file2
0xc235715a3d1a3f44fcbf337c26b0afef865eeb7f,0x87bb34d6c98024746ec17f885fdb76922791489c,file2
0xc2a3657b8c5f50a0c66f7446f395230a04bd6a81,0xc4eedea47242617977a77c35fe54f70d7e4bb2f0,file1-v4
0xc31c1b12f31c1048b079a1a6b9d465676482b3ea,0x5ee14ad58471186540bb494fb0d309327bff0fde,file2
0xc31de8fbc843ea245142002138102946e5feab32,0xc9bfc3383c329d4903de9d4822edb330ddd65184,file2
0xc3a920912534ce9651298e157db3c6621a2210e0,0xe43c6d8a9674c5c3f8e97bea99197a076ce64ecd,file1-v4
0xc3edc708ec4c0d10fd88aa010b248d15a8eb135d,0x1c66707075041e6eff478a3ae0dae08e7ea37d91,file2
0xc415688a2e908c0b296c037670be363199c50817,0x5ee14ad58471186540bb494fb0d309327bff0fde,file2
0xc42990ea68a200082b6a81ab473f11f498e5f145,0x8e7fe7f66f30da63bf73e6c066d161102a398b19,file2
0xc4eedea47242617977a77c35fe54f70d7e4bb2f0,0xdecaea559624078a3a0d77430e6477df4e8cb8d3,file1-v4
0xc54508da4d42773cc4332c972d87a351c2622f4d,0xec104cbdcf1749ab79aa7a3e9c2c8762c52ad6f2,file2
0xc5520c1d0fa253a23811bf9522dc9a34e59ced19,0x0b043416bd98250a21cc3d168c5f4d02280819ab,file2
0xc5a388de47a815fa07f8028b0f4a479d0ef98b8a,0xc0bf9e24b53dd024c5c90fb38a899b12e4cca37e,file2
0xc5ee3935d9cd53898eb5c5c793401a1dddc360a2,0xe8fa65ae8e23874771fa6fd765b7eaf3e959e4d7,file2
0xc64dfe01da7f58a0426da7490ee91869b38e69ca,0x392d680e32082e34707622d9e1e8c8dd9bca2eec,file2
0xc6831eddaeebe2ebfe5e98ec7123845a6dcaed6a,0xd6edad3c1e43f506ae6e48119484af098706eddf,file1-v4
0xc703cd7bc5784710792c93e1e08cfd545a64d733,0xe8fa65ae8e23874771fa6fd765b7eaf3e959e4d7,file2
0xc70f58eb16f16dba30ff2c08e8b39bc0989550ed,0x8fa53af35600a4cd259b0c6b9cda03004779b05c,file2
0xc86efeb23e102b927b07073ca8bf4ad9c9e518e6,0xdecaea559624078a3a0d77430e6477df4e8cb8d3,file1-v4
0xc8fd0d975049b759a193d8de6b5986c370423610,0x316e41c59e2917c3efbd708d77e917ec83125000,file2
0xc91bef49b2bc2a017b96455d0abad1ab64e497ad,0x5ee14ad58471186540bb494fb0d309327bff0fde,file2
0xc94c6eeffaa7639bf371d60999589335d9e38633,0xf48eb579acd833e30afcdf43b158c567b3560076,file1-v4
0xc9bfc3383c329d4903de9d4822edb330ddd65184,0x798b550766e9e708eafcd2b21c596453e3eb7256,file1-v4
0xca5e3cd92496ce923cde9b1135f59b912f4a13e8,0xe43c6d8a9674c5c3f8e97bea99197a076ce64ecd,file1-v4
0xcd412abc6082b9b6686cc1a150ed11ab0837cc89,0x8340f31194537ae7cb8724b7a9c4a49a6ab70501,file1-v4
0xcdf2954bdff9de9db4e1c61f3a4b02d1ffbc51ba,0xe43c6d8a9674c5c3f8e97bea99197a076ce64ecd,file1-v4
0xd0a4b64ea467dcbaf6eeb8797dd6d5831a7aff01,0xc6831eddaeebe2ebfe5e98ec7123845a6dcaed6a,file1-v4
0xd0acb3faf343ba4bc01597b459957693d61e2779,0x798b550766e9e708eafcd2b21c596453e3eb7256,file1-v4
0xd0d444f7c20d411523d0ba88239e225466f168ec,0x9545997091e07b5696477d18a2ee9e7c75a3b3b9,file2
0xd0f58ab9a3f8a7263e6080f97157712e2cc96508,0x0b043416bd98250a21cc3d168c5f4d02280819ab,file2
0xd23482ddf6ecaae593b77f58ff109902ce1ce77c,0x8466c8e755900edbd8577e86b6f77e1a49a94534,file1-v4
0xd3018413e052159976c3b272e1c83b4867f4d84b,0x5ee14ad58471186540bb494fb0d309327bff0fde,file1-v4
0xd30cbd16f1906027e661034993fc23c8907e6820,0xae703fd67e101942465401bebe2c7d51fbd2f2d6,file1-v4
0xd4650166960655463e6069a598dd57df84fa54de,0x9f157d563fbf376f90fe8b3452507649a2d6a38f,file2
0xd50dc2e4c7e9f779bd190f781a0d82dcd3a1d9a6,0x9545997091e07b5696477d18a2ee9e7c75a3b3b9,file2
0xd52b4193265a73cecc127862ceb3e5726f92024f,0x65fa6c8a95fa431fbd9c5c9e8a3025b23ac50dec,file2
0xd68cb0a944661a2f90a4b0ce7c69d9caf927553b,0xe43c6d8a9674c5c3f8e97bea99197a076ce64ecd,file1-v4
0xd6edad3c1e43f506ae6e48119484af098706eddf,0xd82828e55a100637fb8c98a274c304ae87d29432,file1-v4
0xd78f4b94aaf5ed911af6788ef17ca452128a283d,0x5ee14ad58471186540bb494fb0d309327bff0fde,file2
0xd7e4c63331698e8d69f556f8089779f61237d59c,0x9f157d563fbf376f90fe8b3452507649a2d6a38f,file2
0xd7ff539d63ffd9a173661fb85d2807df5c4c6e64,0x8340f31194537ae7cb8724b7a9c4a49a6ab70501,file1-v4
0xd82828e55a100637fb8c98a274c304ae87d29432,0xf48eb579acd833e30afcdf43b158c567b3560076,file1-v4
0xd87f60d845c81a801fd2010ee9217ec03c513d40,0x09b4a7c9cbe8fdbb7a098b6e17d92b109ee728f4,file2
0xd8c566a843184e4b280d7a91dfbb13a6d450eeba,0xd82828e55a100637fb8c98a274c304ae87d29432,file1-v4
0xd981dfa969e92b2614bdf49e516aee3e2d65b625,0xec104cbdcf1749ab79aa7a3e9c2c8762c52ad6f2,file2
0xd9e805e3a997aa8bfa49d4da74d3dbcf00adf018,0x17d2d1a091eaaea41b68eade0633b5dd0398be20,file2
0xda5615ad5b726c789f22234144972bfdd39208cd,0x7cd608f8509f870669f8f73390815058bd2c85e0,file2
0xdae35b787df4b371998e3b04a2d8728c8844fa56,0x65fa6c8a95fa431fbd9c5c9e8a3025b23ac50dec,file2
0xdaf94194e729d1fe687f275f500ae77adaebef24,0xae703fd67e101942465401bebe2c7d51fbd2f2d6,file1-v4
0xdb521c682b7ad9f024d76f72fa7baf3c07390dcf,0xb10809689226b086396dde4fc458dc1fa383a446,file2
0xdbfd09634e69744449fa741544c769aabeeb4f1e,0xe8fa65ae8e23874771fa6fd765b7eaf3e959e4d7,file2
0xdc616aa8afab3d82f39dbf56864cd4940ad31905,0x5ee14ad58471186540bb494fb0d309327bff0fde,file2-priority
0xdcd71f651ea4729bd399f95d74ca312a10e0464e,0xdecaea559624078a3a0d77430e6477df4e8cb8d3,file1-v4
0xdd848fb22f971b4390143e0b3f72b4d4c28e9918,0xeaef0d634a43723f4304790538ebc14a7d5cfa0c,file1-v4
0xddcf34bc67aa44a5117645d1ef5f83d462c9c119,0xc8e31828f454f5d75b44c1c6d78641584b8c898c,file1-v4
0xdecaea559624078a3a0d77430e6477df4e8cb8d3,0x5ee14ad58471186540bb494fb0d309327bff0fde,file2-priority
0xdee73af24d965484622861f58cef3ce33dc27f47,0x755bdee7977fd33701397f294cbe2767da4f5a04,file2
0xdf3c8f996eb94f330dcf63798e69d7ee3f63a6d2,0x222550d049a3834f6f4300c3946480f158846d5e,file1-v4
0xe0de11163fee74574b99e5bd9f9d2a6d1cf79dfa,0x5ee14ad58471186540bb494fb0d309327bff0fde,file2-priority
0xe1081f58f2cf9d99fa972a4e401f557c6e76f855,0x316e41c59e2917c3efbd708d77e917ec83125000,file2
0xe108acdc63f1b8b795ae412438f6e5528738bf4b,0x4250131facc5134f66e77c5ca3da3778d3454484,file1-v4
0xe30bbe054c8831766edcb389175e85bd7883d893,0x798b550766e9e708eafcd2b21c596453e3eb7256,file2
0xe3535513902433b1e46cf3a7ad36e5c1217f9759,0x8689d1d8471bf5f97efe9fdd96fa242a596d7b49,file1-v4
0xe3e785123e08a6c2c4bf2e312192e79a1b368d03,0x5ee14ad58471186540bb494fb0d309327bff0fde,file2
0xe4426ab775940356ed8f333befc75264b4cbe1ad,0x5ee14ad58471186540bb494fb0d309327bff0fde,file2
0xe492a55007a1eb6dc694b5293b2fed8ab8e8607d,0xb55b122495aecc8da5aee034e93367afa833ac72,file2
0xe4998e45d6c37cc9992f50481eec30ebb7618e2c,0xe8fa65ae8e23874771fa6fd765b7eaf3e959e4d7,file2
0xe4b135d8e16351b8d8ae4f184bd2020c78270288,0x5ee14ad58471186540bb494fb0d309327bff0fde,file2
0xe4ddd21baf660db530f36e3f0a29a3edbfee0ec0,0xa9fe0d47bb1d47904db4e3cad1c0108af2cb6f35,file1-v4
0xe5ef321bc3436f4a6fd014ec4b674c446f78be92,0x7714ee5bec5a1e48adb196747b89a4e2960836f7,file2
0xe62499a011d97081ddfcd98faf17338314cd8c22,0xefab7394d05a5e3f6e932213b282e1ea781eb07d,file2
0xe66c4ad4730bbea3f4ba4fa5ad6a521c5f319d7e,0x30ee171af6a576499ff0170e59031f7744564535,file2
0xe6ec8ce2abb5e966d4538d8d78ce4f7ffe0b85dc,0x5ee14ad58471186540bb494fb0d309327bff0fde,file2-priority
0xe79c46c41f39ee6cb5e9565ad581755711d8cdc3,0x8b649313e5aa4ced2b248ca9072fd48644c36efa,file2
0xe8fa65ae8e23874771fa6fd765b7eaf3e959e4d7,0xdecaea559624078a3a0d77430e6477df4e8cb8d3,file1-v4
0xe9cc62c1a8a633e80e7c4d0683ee44404009b0d0,0x8e7fe7f66f30da63bf73e6c066d161102a398b19,file2
0xe9cd6785040a462ae6b855f6cfd3af221cd5b2dd,0xc0bf9e24b53dd024c5c90fb38a899b12e4cca37e,file2
0xe9f8cccb450f3a38d74c050e1c5c7c3f43f4a51b,0xc6831eddaeebe2ebfe5e98ec7123845a6dcaed6a,file1-v4
0xea7967829649997d20eecb5a0a84b8bbd7f40d96,0xe8fa65ae8e23874771fa6fd765b7eaf3e959e4d7,file2
0xeaeb2e83e2b324e982a7b0698e1c913e0b57a46f,0x51d8c76b94faf88cad862bc614c4cc3d50189dad,file2
0xeaef0d634a43723f4304790538ebc14a7d5cfa0c,0xa9fe0d47bb1d47904db4e3cad1c0108af2cb6f35,file1-v4
0xeb041765709ba08f7ec8617d7be9a6f4cca3d799,0x7cd608f8509f870669f8f73390815058bd2c85e0,file2
0xeb05cb16b0c237127bc3636db9772b00d6cc095e,0xdc616aa8afab3d82f39dbf56864cd4940ad31905,file2
0xeb1b8b5035892408476d6f345436c23e4abde064,0x8e7fe7f66f30da63bf73e6c066d161102a398b19,file2
0xec104cbdcf1749ab79aa7a3e9c2c8762c52ad6f2,0x316e41c59e2917c3efbd708d77e917ec83125000,file2
0xec8f8ee5c227a07e7f8e78865597ec9c521fe729,0x7cd608f8509f870669f8f73390815058bd2c85e0,file2
0xecc28bec437fdf6b92c30b96b6c4e67f003694c6,0x5ee14ad58471186540bb494fb0d309327bff0fde,file2
0xed11481ffbc32926e0270f8b17e263d4fca8783a,0x8e7fe7f66f30da63bf73e6c066d161102a398b19,file2
0xed95a9a8e5e96145fc7cc1646302dfc9b92a0df3,0x47f35c4e3ce9957a37479a6e0b7184b26707c13a,file2
0xedb5123ea61c74356772d95bb4a9805fec88eedb,0x26b054e8e329b9e0789dffaf63208ced4e922419,file2
0xee9b188921c530f3f34c28e15ffc47a3f82c7e10,0x5ee14ad58471186540bb494fb0d309327bff0fde,file2
0xefab7394d05a5e3f6e932213b282e1ea781eb07d,0x5ee14ad58471186540bb494fb0d309327bff0fde,file2-priority
0xf024803cc91133cdcf0953d80a879c84e6434abc,0x5ee14ad58471186540bb494fb0d309327bff0fde,file2
0xf059095dfeeb0bd63c2162e2c675e08ccc5770d0,0x09a6fb3d79842c13f1691021bea85b4cf6cd8947,file2
0xf1785651d97bac4521c1ece45d63a60e54096504,0xc9bfc3383c329d4903de9d4822edb330ddd65184,file2
0xf1dff9b752ca0317356062e8d498f77047c77c67,0xe43c6d8a9674c5c3f8e97bea99197a076ce64ecd,file1-v4
0xf273d818b7acf6035f42cda7d3f6ee0b98c069f4,0x8e7fe7f66f30da63bf73e6c066d161102a398b19,file2
0xf29fc00e9682c3fbed1ce575f03b3783d50d8079,0x9545997091e07b5696477d18a2ee9e7c75a3b3b9,file2
0xf30f000b6ff360cae3eaffed7ff74f39610b93f6,0x65fa6c8a95fa431fbd9c5c9e8a3025b23ac50dec,file2
0xf3b83f12596023be9619a23d726a8d62671fbbab,0x5ee14ad58471186540bb494fb0d309327bff0fde,file2
0xf41f1266117dc615203efc7a53a60da174dedde8,0x316e41c59e2917c3efbd708d77e917ec83125000,file2
0xf57a3bf4dd3d1e267580ab267fbbf9b506973753,0x798b550766e9e708eafcd2b21c596453e3eb7256,file2
0xf8e3253cc058c3d8335b0456cb43a82cf276d7ba,0x1a60fdc5eac05cb6a7f11c53fa14b0294d5ec22a,file2
0xf91c4cda650a0d514a19f23d55099f74b3f49151,0x17d2d1a091eaaea41b68eade0633b5dd0398be20,file2
0xf931b1a7f23b4a1ac20a4afb5825280fb358f945,0xc6831eddaeebe2ebfe5e98ec7123845a6dcaed6a,file1-v4
0xf932fdaf4d523b5f6f8b187bb4eee9ce776f6141,0xe43c6d8a9674c5c3f8e97bea99197a076ce64ecd,file1-v4
0xfb7b49e4a4fe66c42c61d41094607fa11af8238c,0xa9fe0d47bb1d47904db4e3cad1c0108af2cb6f35,file1-v4
0xfba71299c898bc5e0ddb04e782ff059f4f66cb52,0x8466c8e755900edbd8577e86b6f77e1a49a94534,file1-v4
0xfc56ff127de872c4424a6d5865fd773044cf272f,0xc2a3657b8c5f50a0c66f7446f395230a04bd6a81,file1-v4
0xfcbdada245cb6cd29d31dd621d3c641c8943aadc,0xd82828e55a100637fb8c98a274c304ae87d29432,file1-v4
0xfcca02a451f4806b192e043ce4bbdb763bf0e6ed,0x45691f334bf9871a143d284c4c7dcbe8601c8eb6,file1-v4
0xfd23ba756f490df10a073600d682da4da1473fe8,0x9f157d563fbf376f90fe8b3452507649a2d6a38f,file2
0xfd880eb158809f7417d25287e749e827a8a15177,0x798b550766e9e708eafcd2b21c596453e3eb7256,file2
0xfdcb2ca4b55140ebfa2529e33ec4d1706e50cde3,0x8466c8e755900edbd8577e86b6f77e1a49a94534,file1-v4
0xfe1d3b9d6f7f0eb66975ddcac35e880b16449435,0x65fa6c8a95fa431fbd9c5c9e8a3025b23ac50dec,file2
0xfe52a23ec45710363234880102b8977a21da31ec,0x5ee14ad58471186540bb494fb0d309327bff0fde,file2
0xff783355e5a944ba4024ecc864530892763f18dd,0xe8fa65ae8e23874771fa6fd765b7eaf3e959e4d7,file2
0xff82d6138e27f2c2a1f8e638b4f82f1f0cb54ffd,0x8689d1d8471bf5f97efe9fdd96fa242a596d7b49,file1-v4
0xff9422d0ab1ff53cf1cddfe9ed818c6eb50fc261,0xe9fade45e618e11bd38a73803fb84e46a0cd6c62,file1-v4
