player,referrer,source,block,tx_hash
0xc8e31828f454f5d75b44c1c6d78641584b8c898c,0x0000000000000000000000000000000000000000,ReferrerRecorded,422049835,0xc6247a10bd4d1685db0c445f581e667a5d0201778b04a15476e91b1c27bdf1e6
0x592d5f79d081a719d487efeb55e8c822c3782ddd,0x809a51e7482e01a13d606c030588623789ec4a9b,ReferrerRecorded,422051741,0xf1edad1a099f90c3f779f412b6ed36e5c690a3cfe3b66fa446b636bad31b3f01
0x65fa6c8a95fa431fbd9c5c9e8a3025b23ac50dec,0x9545997091e07b5696477d18a2ee9e7c75a3b3b9,ReferrerRecorded,422051801,0x5f7650c68f4b81830cea1c740ddde3258303430ea55fe7f3accd4104758f7f65
0x8e7fe7f66f30da63bf73e6c066d161102a398b19,0xdecaea559624078a3a0d77430e6477df4e8cb8d3,ReferrerRecorded,422053945,0xc14c61adae431ed4baeb76f2b37d52b4b48273e6e8a38784a834b68020b9e7fb
0x798b550766e9e708eafcd2b21c596453e3eb7256,0x0000000000000000000000000000000000000000,ReferrerRecorded,422055876,0x93a9e7c169d64e2865832e97694d62136f1a087d12fbf7d2831f04b916328435
0xae703fd67e101942465401bebe2c7d51fbd2f2d6,0x0000000000000000000000000000000000000000,ReferrerRecorded,422057093,0xad47feaabbbfb329c8af235c8954e026a5fd247cf77d1fe074dbe9c8f9440c71
0x809a51e7482e01a13d606c030588623789ec4a9b,0x8466c8e755900edbd8577e86b6f77e1a49a94534,ReferrerRecorded,422059480,0x2f76e4e540f5bdf529af345b148d1948f16192d7cdd9c3d17de7cb1e3910357d
0xca5e3cd92496ce923cde9b1135f59b912f4a13e8,0xe43c6d8a9674c5c3f8e97bea99197a076ce64ecd,ReferrerRecorded,422059932,0x95fc716b1a34df251fcd66e824e3e4348a5ade44717e60a6535654ce25f0477d
0x9e867487a2edc097ce86e275014133fd0a0002dc,0xdcd71f651ea4729bd399f95d74ca312a10e0464e,ReferrerRecorded,422060608,0x8666ec2acb1e40c29a4f24e42df14087619d34618f6ec910b68b4c2640ff9cfc
0x15832e34ff227a260770f24984040e0810aab134,0xe43c6d8a9674c5c3f8e97bea99197a076ce64ecd,ReferrerRecorded,422060853,0x435019a0237d7f4c43d797ca822f79d1fad85f927b74692a2e85eb1b35fb9046
0x655c0c085bd34fb63016b0bdde41bde4736cbae0,0x0000000000000000000000000000000000000000,ReferrerRecorded,422061583,0x3c9f57c479958fcdbe177543da3497f4566d610614df371546e755ad34dee7a8
0x4cc4d14fabbf950de039245ece31c5e1be71d0cb,0x0000000000000000000000000000000000000000,ReferrerRecorded,422062351,0x915df8455f6340e56b17ccd1b95ab34175c7273beade1abaa0f412e7b10f2535
0xe43c6d8a9674c5c3f8e97bea99197a076ce64ecd,0x0000000000000000000000000000000000000000,ReferrerRecorded,422062522,0xea7b883fc1f4e38d0a1758fc63c11cadf31f6f075388581d1a02035741156564
0xcdf2954bdff9de9db4e1c61f3a4b02d1ffbc51ba,0xe43c6d8a9674c5c3f8e97bea99197a076ce64ecd,ReferrerRecorded,422063203,0xc29533ae704ef5b85dadc2b27e355fdb073b5076563facd30fef36e6a7dc9e04
0x7baa994415d245b212d91fca14ee3a6834b77cdb,0x0000000000000000000000000000000000000000,ReferrerRecorded,422063267,0x0fc65cb9b9d17603b4b1ff87b9d31ff449604a16fe9cbb6123c0533abc00868d
0x9b48340e3f71d4ba4beb2fa92595a5bbf9e7b1c8,0xc8e31828f454f5d75b44c1c6d78641584b8c898c,AdminReferralSeeded,422063350,0x956a46488a947e9cc22d62f4c844856b1de7896c29278eb4ec92415f4977cd65
0x298739c5d431159d26b7de9e43a8c2e6e74a9063,0x9545997091e07b5696477d18a2ee9e7c75a3b3b9,AdminReferralSeeded,422063350,0x956a46488a947e9cc22d62f4c844856b1de7896c29278eb4ec92415f4977cd65
0xd82828e55a100637fb8c98a274c304ae87d29432,0xf48eb579acd833e30afcdf43b158c567b3560076,AdminReferralSeeded,422063350,0x956a46488a947e9cc22d62f4c844856b1de7896c29278eb4ec92415f4977cd65
0xa9fe0d47bb1d47904db4e3cad1c0108af2cb6f35,0x222550d049a3834f6f4300c3946480f158846d5e,AdminReferralSeeded,422063350,0x956a46488a947e9cc22d62f4c844856b1de7896c29278eb4ec92415f4977cd65
0x8689d1d8471bf5f97efe9fdd96fa242a596d7b49,0x0467674bbf7e540a4954e9905c500c0e55407311,AdminReferralSeeded,422063350,0x956a46488a947e9cc22d62f4c844856b1de7896c29278eb4ec92415f4977cd65
0x45691f334bf9871a143d284c4c7dcbe8601c8eb6,0x1a60fdc5eac05cb6a7f11c53fa14b0294d5ec22a,AdminReferralSeeded,422063350,0x956a46488a947e9cc22d62f4c844856b1de7896c29278eb4ec92415f4977cd65
0xc4eedea47242617977a77c35fe54f70d7e4bb2f0,0xdecaea559624078a3a0d77430e6477df4e8cb8d3,AdminReferralSeeded,422063350,0x956a46488a947e9cc22d62f4c844856b1de7896c29278eb4ec92415f4977cd65
0x85feaa66405c16647f3aebc525137fb271e66a2e,0x0467674bbf7e540a4954e9905c500c0e55407311,AdminReferralSeeded,422063350,0x956a46488a947e9cc22d62f4c844856b1de7896c29278eb4ec92415f4977cd65
0xc86efeb23e102b927b07073ca8bf4ad9c9e518e6,0xdecaea559624078a3a0d77430e6477df4e8cb8d3,AdminReferralSeeded,422063350,0x956a46488a947e9cc22d62f4c844856b1de7896c29278eb4ec92415f4977cd65
0x1867dc9feaf0352fad2f8e0335d4cd70e973bd1c,0xf48eb579acd833e30afcdf43b158c567b3560076,AdminReferralSeeded,422063350,0x956a46488a947e9cc22d62f4c844856b1de7896c29278eb4ec92415f4977cd65
0x5952c90d909c401c1c3fc512ef99f5aa289a3247,0x0467674bbf7e540a4954e9905c500c0e55407311,AdminReferralSeeded,422063350,0x956a46488a947e9cc22d62f4c844856b1de7896c29278eb4ec92415f4977cd65
0x6f5270f057323bfe69d1bdf595ef3386bf9809ae,0x1a60fdc5eac05cb6a7f11c53fa14b0294d5ec22a,AdminReferralSeeded,422063350,0x956a46488a947e9cc22d62f4c844856b1de7896c29278eb4ec92415f4977cd65
0x140b55e5a1e55cbf87c964c494a16b3709a73afd,0x298739c5d431159d26b7de9e43a8c2e6e74a9063,AdminReferralSeeded,422063350,0x956a46488a947e9cc22d62f4c844856b1de7896c29278eb4ec92415f4977cd65
0x5ee14ad58471186540bb494fb0d309327bff0fde,0x9545997091e07b5696477d18a2ee9e7c75a3b3b9,AdminReferralSeeded,422063350,0x956a46488a947e9cc22d62f4c844856b1de7896c29278eb4ec92415f4977cd65
0xeaef0d634a43723f4304790538ebc14a7d5cfa0c,0xa9fe0d47bb1d47904db4e3cad1c0108af2cb6f35,AdminReferralSeeded,422063350,0x956a46488a947e9cc22d62f4c844856b1de7896c29278eb4ec92415f4977cd65
0x85b25236daf01762343e8acbdedd3b421480b607,0x8689d1d8471bf5f97efe9fdd96fa242a596d7b49,AdminReferralSeeded,422063350,0x956a46488a947e9cc22d62f4c844856b1de7896c29278eb4ec92415f4977cd65
0x958aaf40b8a6b8d1087d3ec20f866da8d6fc44da,0x45691f334bf9871a143d284c4c7dcbe8601c8eb6,AdminReferralSeeded,422063350,0x956a46488a947e9cc22d62f4c844856b1de7896c29278eb4ec92415f4977cd65
0xe8fa65ae8e23874771fa6fd765b7eaf3e959e4d7,0xdecaea559624078a3a0d77430e6477df4e8cb8d3,AdminReferralSeeded,422063350,0x956a46488a947e9cc22d62f4c844856b1de7896c29278eb4ec92415f4977cd65
0xc2a3657b8c5f50a0c66f7446f395230a04bd6a81,0xc4eedea47242617977a77c35fe54f70d7e4bb2f0,AdminReferralSeeded,422063350,0x956a46488a947e9cc22d62f4c844856b1de7896c29278eb4ec92415f4977cd65
0x8892554f0253b22934bfacf42318d0e9d87bc505,0x8e7fe7f66f30da63bf73e6c066d161102a398b19,AdminReferralSeeded,422063350,0x956a46488a947e9cc22d62f4c844856b1de7896c29278eb4ec92415f4977cd65
0xd0acb3faf343ba4bc01597b459957693d61e2779,0x798b550766e9e708eafcd2b21c596453e3eb7256,AdminReferralSeeded,422063350,0x956a46488a947e9cc22d62f4c844856b1de7896c29278eb4ec92415f4977cd65
0xdc616aa8afab3d82f39dbf56864cd4940ad31905,0xf48eb579acd833e30afcdf43b158c567b3560076,AdminReferralSeeded,422063350,0x956a46488a947e9cc22d62f4c844856b1de7896c29278eb4ec92415f4977cd65
0x69dec6b4c817f9ddaffec321c21917d2a83896fe,0x222550d049a3834f6f4300c3946480f158846d5e,AdminReferralSeeded,422063350,0x956a46488a947e9cc22d62f4c844856b1de7896c29278eb4ec92415f4977cd65
0x8466c8e755900edbd8577e86b6f77e1a49a94534,0x0467674bbf7e540a4954e9905c500c0e55407311,AdminReferralSeeded,422063350,0x956a46488a947e9cc22d62f4c844856b1de7896c29278eb4ec92415f4977cd65
0x3ea9a7637dc5875606235b5683a746a1be8fa433,0x1a60fdc5eac05cb6a7f11c53fa14b0294d5ec22a,AdminReferralSeeded,422063350,0x956a46488a947e9cc22d62f4c844856b1de7896c29278eb4ec92415f4977cd65
0x5161615d6e8fec99adead6debff6c5d9b02a892c,0x298739c5d431159d26b7de9e43a8c2e6e74a9063,AdminReferralSeeded,422063350,0x956a46488a947e9cc22d62f4c844856b1de7896c29278eb4ec92415f4977cd65
0x3889da6798cf14574791fda4536a407739f92478,0xd82828e55a100637fb8c98a274c304ae87d29432,AdminReferralSeeded,422063350,0x956a46488a947e9cc22d62f4c844856b1de7896c29278eb4ec92415f4977cd65
0xfb7b49e4a4fe66c42c61d41094607fa11af8238c,0xa9fe0d47bb1d47904db4e3cad1c0108af2cb6f35,AdminReferralSeeded,422063350,0x956a46488a947e9cc22d62f4c844856b1de7896c29278eb4ec92415f4977cd65
0x0f1a3b039c065014088ff30805ef6caa6968c911,0x8689d1d8471bf5f97efe9fdd96fa242a596d7b49,AdminReferralSeeded,422063350,0x956a46488a947e9cc22d62f4c844856b1de7896c29278eb4ec92415f4977cd65
0x9f157d563fbf376f90fe8b3452507649a2d6a38f,0x45691f334bf9871a143d284c4c7dcbe8601c8eb6,AdminReferralSeeded,422063350,0x956a46488a947e9cc22d62f4c844856b1de7896c29278eb4ec92415f4977cd65
0xb779e8e8ecef77850680304c4641667314a4585a,0xc4eedea47242617977a77c35fe54f70d7e4bb2f0,AdminReferralSeeded,422063350,0x956a46488a947e9cc22d62f4c844856b1de7896c29278eb4ec92415f4977cd65
0x09b4a7c9cbe8fdbb7a098b6e17d92b109ee728f4,0x8e7fe7f66f30da63bf73e6c066d161102a398b19,AdminReferralSeeded,422063350,0x956a46488a947e9cc22d62f4c844856b1de7896c29278eb4ec92415f4977cd65
0xc9bfc3383c329d4903de9d4822edb330ddd65184,0x798b550766e9e708eafcd2b21c596453e3eb7256,AdminReferralSeeded,422063350,0x956a46488a947e9cc22d62f4c844856b1de7896c29278eb4ec92415f4977cd65
0x316e41c59e2917c3efbd708d77e917ec83125000,0x85feaa66405c16647f3aebc525137fb271e66a2e,AdminReferralSeeded,422063350,0x956a46488a947e9cc22d62f4c844856b1de7896c29278eb4ec92415f4977cd65
0x4250131facc5134f66e77c5ca3da3778d3454484,0x4cc4d14fabbf950de039245ece31c5e1be71d0cb,AdminReferralSeeded,422063350,0x956a46488a947e9cc22d62f4c844856b1de7896c29278eb4ec92415f4977cd65
0x0d810ab821ea0d6d053afacdd0e7850895fe008a,0xdecaea559624078a3a0d77430e6477df4e8cb8d3,AdminReferralSeeded,422063350,0x956a46488a947e9cc22d62f4c844856b1de7896c29278eb4ec92415f4977cd65
0x433853d215b4bdb0672e2f7899e0f3c12b5d9e0a,0xf48eb579acd833e30afcdf43b158c567b3560076,AdminReferralSeeded,422063350,0x956a46488a947e9cc22d62f4c844856b1de7896c29278eb4ec92415f4977cd65
0x47aac27978d1614656373aaafd0af7091617a101,0x222550d049a3834f6f4300c3946480f158846d5e,AdminReferralSeeded,422063350,0x956a46488a947e9cc22d62f4c844856b1de7896c29278eb4ec92415f4977cd65
0x995d23e7852fea26d4e08f86be5f096f84532812,0x0467674bbf7e540a4954e9905c500c0e55407311,AdminReferralSeeded,422063350,0x956a46488a947e9cc22d62f4c844856b1de7896c29278eb4ec92415f4977cd65
0xa5f7fc4ba9c0402edf8bf38337928f5f9cb8c0c3,0x1a60fdc5eac05cb6a7f11c53fa14b0294d5ec22a,AdminReferralSeeded,422063350,0x956a46488a947e9cc22d62f4c844856b1de7896c29278eb4ec92415f4977cd65
0x09fbd54a75cf6b4b463003d36c5ec28afb785006,0x298739c5d431159d26b7de9e43a8c2e6e74a9063,AdminReferralSeeded,422063350,0x956a46488a947e9cc22d62f4c844856b1de7896c29278eb4ec92415f4977cd65
0xab6cfbe7be822c588500c4e024a1a50386f02e60,0xd82828e55a100637fb8c98a274c304ae87d29432,AdminReferralSeeded,422063350,0x956a46488a947e9cc22d62f4c844856b1de7896c29278eb4ec92415f4977cd65
0xa8f7f022316aba058a215a32c2b1335d7badad3a,0xa9fe0d47bb1d47904db4e3cad1c0108af2cb6f35,AdminReferralSeeded,422063350,0x956a46488a947e9cc22d62f4c844856b1de7896c29278eb4ec92415f4977cd65
0xe3535513902433b1e46cf3a7ad36e5c1217f9759,0x8689d1d8471bf5f97efe9fdd96fa242a596d7b49,AdminReferralSeeded,422063350,0x956a46488a947e9cc22d62f4c844856b1de7896c29278eb4ec92415f4977cd65
0x9545997091e07b5696477d18a2ee9e7c75a3b3b9,0x45691f334bf9871a143d284c4c7dcbe8601c8eb6,AdminReferralSeeded,422063350,0x956a46488a947e9cc22d62f4c844856b1de7896c29278eb4ec92415f4977cd65
0x58e34ddc17a8d3c01c8d85c45bdc5035dec1bb54,0xc4eedea47242617977a77c35fe54f70d7e4bb2f0,AdminReferralSeeded,422063358,0x00d65217cece8ecc4592adb0a7a45ded7c05315b4995a9aadbb2ec975e7b225e
0xb55b122495aecc8da5aee034e93367afa833ac72,0x8e7fe7f66f30da63bf73e6c066d161102a398b19,AdminReferralSeeded,422063358,0x00d65217cece8ecc4592adb0a7a45ded7c05315b4995a9aadbb2ec975e7b225e
0x2f0f32d10d7adbbd84d5cec06372ddbf5ba7d9d0,0x798b550766e9e708eafcd2b21c596453e3eb7256,AdminReferralSeeded,422063358,0x00d65217cece8ecc4592adb0a7a45ded7c05315b4995a9aadbb2ec975e7b225e
0xb2cdec91d771689bf1bde631f0a56079fadeb7fa,0x85feaa66405c16647f3aebc525137fb271e66a2e,AdminReferralSeeded,422063358,0x00d65217cece8ecc4592adb0a7a45ded7c05315b4995a9aadbb2ec975e7b225e
0x8e34f2785c441a9b9be1fb40a6e457ab37b70f4b,0x4cc4d14fabbf950de039245ece31c5e1be71d0cb,AdminReferralSeeded,422063358,0x00d65217cece8ecc4592adb0a7a45ded7c05315b4995a9aadbb2ec975e7b225e
0xdcd71f651ea4729bd399f95d74ca312a10e0464e,0xdecaea559624078a3a0d77430e6477df4e8cb8d3,AdminReferralSeeded,422063358,0x00d65217cece8ecc4592adb0a7a45ded7c05315b4995a9aadbb2ec975e7b225e
0x5539a731066aebed8dda5d17561a4c58b0e111ec,0xf48eb579acd833e30afcdf43b158c567b3560076,AdminReferralSeeded,422063358,0x00d65217cece8ecc4592adb0a7a45ded7c05315b4995a9aadbb2ec975e7b225e
0x6c2f96ec346f5b63a006262b1dce72c60acdfc7d,0x222550d049a3834f6f4300c3946480f158846d5e,AdminReferralSeeded,422063358,0x00d65217cece8ecc4592adb0a7a45ded7c05315b4995a9aadbb2ec975e7b225e
0x7f23c8372e1c2572f3d51d9ea79102bb600bb995,0x1a60fdc5eac05cb6a7f11c53fa14b0294d5ec22a,AdminReferralSeeded,422063358,0x00d65217cece8ecc4592adb0a7a45ded7c05315b4995a9aadbb2ec975e7b225e
0xc17ae115d09f608f2e89c45a90a888e6f2524ab8,0x298739c5d431159d26b7de9e43a8c2e6e74a9063,AdminReferralSeeded,422063358,0x00d65217cece8ecc4592adb0a7a45ded7c05315b4995a9aadbb2ec975e7b225e
0xd8c566a843184e4b280d7a91dfbb13a6d450eeba,0xd82828e55a100637fb8c98a274c304ae87d29432,AdminReferralSeeded,422063358,0x00d65217cece8ecc4592adb0a7a45ded7c05315b4995a9aadbb2ec975e7b225e
0xe4ddd21baf660db530f36e3f0a29a3edbfee0ec0,0xa9fe0d47bb1d47904db4e3cad1c0108af2cb6f35,AdminReferralSeeded,422063358,0x00d65217cece8ecc4592adb0a7a45ded7c05315b4995a9aadbb2ec975e7b225e
0x50b41b3a57b0491235be8dce794904caf9289b98,0x8689d1d8471bf5f97efe9fdd96fa242a596d7b49,AdminReferralSeeded,422063358,0x00d65217cece8ecc4592adb0a7a45ded7c05315b4995a9aadbb2ec975e7b225e
0x61f0fdb65d93088c20e24723608a029d3d80959f,0x45691f334bf9871a143d284c4c7dcbe8601c8eb6,AdminReferralSeeded,422063358,0x00d65217cece8ecc4592adb0a7a45ded7c05315b4995a9aadbb2ec975e7b225e
0x710460adf24529c8aaeb774c0da97e8b4b19cfef,0x8e7fe7f66f30da63bf73e6c066d161102a398b19,AdminReferralSeeded,422063358,0x00d65217cece8ecc4592adb0a7a45ded7c05315b4995a9aadbb2ec975e7b225e
0x72d8186f6de743721094a45054c07caf2716d09f,0x798b550766e9e708eafcd2b21c596453e3eb7256,AdminReferralSeeded,422063358,0x00d65217cece8ecc4592adb0a7a45ded7c05315b4995a9aadbb2ec975e7b225e
0xb0d1d1a2f8aebe547a99886831d20d59630d92b7,0x85feaa66405c16647f3aebc525137fb271e66a2e,AdminReferralSeeded,422063358,0x00d65217cece8ecc4592adb0a7a45ded7c05315b4995a9aadbb2ec975e7b225e
0xbba4ac0ce40ff9db5210746e5cc87b1fb5abbc03,0x4cc4d14fabbf950de039245ece31c5e1be71d0cb,AdminReferralSeeded,422063358,0x00d65217cece8ecc4592adb0a7a45ded7c05315b4995a9aadbb2ec975e7b225e
0xc025a0e096e32827aa6f900415daaf9deb50120f,0xdecaea559624078a3a0d77430e6477df4e8cb8d3,AdminReferralSeeded,422063358,0x00d65217cece8ecc4592adb0a7a45ded7c05315b4995a9aadbb2ec975e7b225e
0xc94c6eeffaa7639bf371d60999589335d9e38633,0xf48eb579acd833e30afcdf43b158c567b3560076,AdminReferralSeeded,422063358,0x00d65217cece8ecc4592adb0a7a45ded7c05315b4995a9aadbb2ec975e7b225e
0x1c4aeeb2182a528db5c6b0b2732b6aaa5f3d89d0,0xae703fd67e101942465401bebe2c7d51fbd2f2d6,AdminReferralSeeded,422063358,0x00d65217cece8ecc4592adb0a7a45ded7c05315b4995a9aadbb2ec975e7b225e
0xdaf94194e729d1fe687f275f500ae77adaebef24,0xae703fd67e101942465401bebe2c7d51fbd2f2d6,AdminReferralSeeded,422063358,0x00d65217cece8ecc4592adb0a7a45ded7c05315b4995a9aadbb2ec975e7b225e
0xbd1b03670f687a0a6e9c1e3084fc6e8fa7a85e67,0xae703fd67e101942465401bebe2c7d51fbd2f2d6,AdminReferralSeeded,422063358,0x00d65217cece8ecc4592adb0a7a45ded7c05315b4995a9aadbb2ec975e7b225e
0xd30cbd16f1906027e661034993fc23c8907e6820,0xae703fd67e101942465401bebe2c7d51fbd2f2d6,AdminReferralSeeded,422063358,0x00d65217cece8ecc4592adb0a7a45ded7c05315b4995a9aadbb2ec975e7b225e
0x15e73e52eb0fca29834c6b60db12a0baa33c1330,0xae703fd67e101942465401bebe2c7d51fbd2f2d6,AdminReferralSeeded,422063358,0x00d65217cece8ecc4592adb0a7a45ded7c05315b4995a9aadbb2ec975e7b225e
0xb4eef0a42c0c8b7d7d57dc39563ebe4b6cafff35,0xae703fd67e101942465401bebe2c7d51fbd2f2d6,AdminReferralSeeded,422063358,0x00d65217cece8ecc4592adb0a7a45ded7c05315b4995a9aadbb2ec975e7b225e
0x6df743bb6f891682ad3f4f0c4cfdb77a2bf4583b,0xae703fd67e101942465401bebe2c7d51fbd2f2d6,AdminReferralSeeded,422063358,0x00d65217cece8ecc4592adb0a7a45ded7c05315b4995a9aadbb2ec975e7b225e
0x197cb18a0cf919e84477b7434493c7c975dc0174,0xae703fd67e101942465401bebe2c7d51fbd2f2d6,AdminReferralSeeded,422063358,0x00d65217cece8ecc4592adb0a7a45ded7c05315b4995a9aadbb2ec975e7b225e
0x0f804a8e337576aa959e8b43d2b5bf36d15b6ffd,0xae703fd67e101942465401bebe2c7d51fbd2f2d6,AdminReferralSeeded,422063358,0x00d65217cece8ecc4592adb0a7a45ded7c05315b4995a9aadbb2ec975e7b225e
0x0be87485148ad4001ccc928ee38ec41dc85ad5d2,0xae703fd67e101942465401bebe2c7d51fbd2f2d6,AdminReferralSeeded,422063358,0x00d65217cece8ecc4592adb0a7a45ded7c05315b4995a9aadbb2ec975e7b225e
0xb98ae35be0854e592bb73dad535837d6365ef963,0xae703fd67e101942465401bebe2c7d51fbd2f2d6,AdminReferralSeeded,422063358,0x00d65217cece8ecc4592adb0a7a45ded7c05315b4995a9aadbb2ec975e7b225e
0xa6eb3504bffb543655f97eb30c136acd84be0f82,0xae703fd67e101942465401bebe2c7d51fbd2f2d6,AdminReferralSeeded,422063358,0x00d65217cece8ecc4592adb0a7a45ded7c05315b4995a9aadbb2ec975e7b225e
0x3ba08e89a57a4e8cb58ebbe5965e5a76e930a753,0xae703fd67e101942465401bebe2c7d51fbd2f2d6,AdminReferralSeeded,422063358,0x00d65217cece8ecc4592adb0a7a45ded7c05315b4995a9aadbb2ec975e7b225e
0x0467674bbf7e540a4954e9905c500c0e55407311,0x222550d049a3834f6f4300c3946480f158846d5e,AdminReferralSeeded,422063358,0x00d65217cece8ecc4592adb0a7a45ded7c05315b4995a9aadbb2ec975e7b225e
0xd6edad3c1e43f506ae6e48119484af098706eddf,0xd82828e55a100637fb8c98a274c304ae87d29432,AdminReferralSeeded,422063358,0x00d65217cece8ecc4592adb0a7a45ded7c05315b4995a9aadbb2ec975e7b225e
0x651337c38b62c282d351bcdec270c820a7c89840,0xae703fd67e101942465401bebe2c7d51fbd2f2d6,AdminReferralSeeded,422063358,0x00d65217cece8ecc4592adb0a7a45ded7c05315b4995a9aadbb2ec975e7b225e
0x8340f31194537ae7cb8724b7a9c4a49a6ab70501,0xe43c6d8a9674c5c3f8e97bea99197a076ce64ecd,AdminReferralSeeded,422063358,0x00d65217cece8ecc4592adb0a7a45ded7c05315b4995a9aadbb2ec975e7b225e
0x5a89a3ffe3b4ef2a3cde621c8c464ecbe4240b50,0xd82828e55a100637fb8c98a274c304ae87d29432,AdminReferralSeeded,422063358,0x00d65217cece8ecc4592adb0a7a45ded7c05315b4995a9aadbb2ec975e7b225e
0x33c418278f0865fa72f0f018535e15ab6cfeedd9,0xfb7b49e4a4fe66c42c61d41094607fa11af8238c,AdminReferralSeeded,422063358,0x00d65217cece8ecc4592adb0a7a45ded7c05315b4995a9aadbb2ec975e7b225e
0xe6ec8ce2abb5e966d4538d8d78ce4f7ffe0b85dc,0x9545997091e07b5696477d18a2ee9e7c75a3b3b9,AdminReferralSeeded,422063358,0x00d65217cece8ecc4592adb0a7a45ded7c05315b4995a9aadbb2ec975e7b225e
0x60d5f38bf3de0c8f10356c7c47c4b9ad2afebb77,0x222550d049a3834f6f4300c3946480f158846d5e,AdminReferralSeeded,422063358,0x00d65217cece8ecc4592adb0a7a45ded7c05315b4995a9aadbb2ec975e7b225e
0x5055b24bf75da4f10725d7c820679a004117dd57,0xae703fd67e101942465401bebe2c7d51fbd2f2d6,AdminReferralSeeded,422063358,0x00d65217cece8ecc4592adb0a7a45ded7c05315b4995a9aadbb2ec975e7b225e
0xdf3c8f996eb94f330dcf63798e69d7ee3f63a6d2,0x222550d049a3834f6f4300c3946480f158846d5e,AdminReferralSeeded,422063358,0x00d65217cece8ecc4592adb0a7a45ded7c05315b4995a9aadbb2ec975e7b225e
0xdecaea559624078a3a0d77430e6477df4e8cb8d3,0x8e7fe7f66f30da63bf73e6c066d161102a398b19,AdminReferralSeeded,422063358,0x00d65217cece8ecc4592adb0a7a45ded7c05315b4995a9aadbb2ec975e7b225e
0xb55a85c6e578e28393bca212efa47760046acbf2,0x23c3cf749136b290531aac3b215be2c801ae7c4a,AdminReferralSeeded,422063358,0x00d65217cece8ecc4592adb0a7a45ded7c05315b4995a9aadbb2ec975e7b225e
0x1fd006fa50ec011a62b1acfaa43b02a5bf0b7a47,0xd6edad3c1e43f506ae6e48119484af098706eddf,AdminReferralSeeded,422063358,0x00d65217cece8ecc4592adb0a7a45ded7c05315b4995a9aadbb2ec975e7b225e
0x23c3cf749136b290531aac3b215be2c801ae7c4a,0x5a89a3ffe3b4ef2a3cde621c8c464ecbe4240b50,AdminReferralSeeded,422063358,0x00d65217cece8ecc4592adb0a7a45ded7c05315b4995a9aadbb2ec975e7b225e
0xc6831eddaeebe2ebfe5e98ec7123845a6dcaed6a,0xd6edad3c1e43f506ae6e48119484af098706eddf,AdminReferralSeeded,422063358,0x00d65217cece8ecc4592adb0a7a45ded7c05315b4995a9aadbb2ec975e7b225e
0x407a047eddbbee9c9c72cf4538e43088df323f64,0xe43c6d8a9674c5c3f8e97bea99197a076ce64ecd,AdminReferralSeeded,422063364,0x1003c4a1ad2dc6f57fd4ae071f22a45325e3e186bf2e422e2a43204b4d9babec
0x20ee886bb9b216bc30f8a64b56e43707533aa946,0xe43c6d8a9674c5c3f8e97bea99197a076ce64ecd,AdminReferralSeeded,422063364,0x1003c4a1ad2dc6f57fd4ae071f22a45325e3e186bf2e422e2a43204b4d9babec
0x182923f85f1485f931a830f83ef4a0b36ff4e2e2,0x8466c8e755900edbd8577e86b6f77e1a49a94534,AdminReferralSeeded,422063364,0x1003c4a1ad2dc6f57fd4ae071f22a45325e3e186bf2e422e2a43204b4d9babec
0x392d680e32082e34707622d9e1e8c8dd9bca2eec,0x9545997091e07b5696477d18a2ee9e7c75a3b3b9,AdminReferralSeeded,422063364,0x1003c4a1ad2dc6f57fd4ae071f22a45325e3e186bf2e422e2a43204b4d9babec
0x55ba1b88170d714873adeb212b6b2c5025fab22c,0xeaef0d634a43723f4304790538ebc14a7d5cfa0c,AdminReferralSeeded,422063364,0x1003c4a1ad2dc6f57fd4ae071f22a45325e3e186bf2e422e2a43204b4d9babec
0x2f755e051306471cb218121929d6df1d6a215c34,0x8466c8e755900edbd8577e86b6f77e1a49a94534,AdminReferralSeeded,422063364,0x1003c4a1ad2dc6f57fd4ae071f22a45325e3e186bf2e422e2a43204b4d9babec
0xfba71299c898bc5e0ddb04e782ff059f4f66cb52,0x8466c8e755900edbd8577e86b6f77e1a49a94534,AdminReferralSeeded,422063364,0x1003c4a1ad2dc6f57fd4ae071f22a45325e3e186bf2e422e2a43204b4d9babec
0xd23482ddf6ecaae593b77f58ff109902ce1ce77c,0x8466c8e755900edbd8577e86b6f77e1a49a94534,AdminReferralSeeded,422063364,0x1003c4a1ad2dc6f57fd4ae071f22a45325e3e186bf2e422e2a43204b4d9babec
0xfc56ff127de872c4424a6d5865fd773044cf272f,0xc2a3657b8c5f50a0c66f7446f395230a04bd6a81,AdminReferralSeeded,422063364,0x1003c4a1ad2dc6f57fd4ae071f22a45325e3e186bf2e422e2a43204b4d9babec
0x337bb5b48d908465a818dce8fea774a7bb027c66,0xe43c6d8a9674c5c3f8e97bea99197a076ce64ecd,AdminReferralSeeded,422063364,0x1003c4a1ad2dc6f57fd4ae071f22a45325e3e186bf2e422e2a43204b4d9babec
0x4f3942d58d1058e39a8fb39efa1f11d5d9d945a3,0xe43c6d8a9674c5c3f8e97bea99197a076ce64ecd,AdminReferralSeeded,422063364,0x1003c4a1ad2dc6f57fd4ae071f22a45325e3e186bf2e422e2a43204b4d9babec
0x9869e37e02eea63bed9b9f17fdf89bb3c1ee864b,0xe43c6d8a9674c5c3f8e97bea99197a076ce64ecd,AdminReferralSeeded,422063364,0x1003c4a1ad2dc6f57fd4ae071f22a45325e3e186bf2e422e2a43204b4d9babec
0xc3a920912534ce9651298e157db3c6621a2210e0,0xe43c6d8a9674c5c3f8e97bea99197a076ce64ecd,AdminReferralSeeded,422063364,0x1003c4a1ad2dc6f57fd4ae071f22a45325e3e186bf2e422e2a43204b4d9babec
0x5e05555532c04eae24b25191b7d5b4269f0f0ffe,0xe43c6d8a9674c5c3f8e97bea99197a076ce64ecd,AdminReferralSeeded,422063364,0x1003c4a1ad2dc6f57fd4ae071f22a45325e3e186bf2e422e2a43204b4d9babec
0x254f67207ea8056dd246ad61422e6e1578dd789f,0xe43c6d8a9674c5c3f8e97bea99197a076ce64ecd,AdminReferralSeeded,422063364,0x1003c4a1ad2dc6f57fd4ae071f22a45325e3e186bf2e422e2a43204b4d9babec
0xfcca02a451f4806b192e043ce4bbdb763bf0e6ed,0x45691f334bf9871a143d284c4c7dcbe8601c8eb6,AdminReferralSeeded,422063364,0x1003c4a1ad2dc6f57fd4ae071f22a45325e3e186bf2e422e2a43204b4d9babec
0x58e45871174584fbf1af0e57f404ef4ce9deee45,0xe43c6d8a9674c5c3f8e97bea99197a076ce64ecd,AdminReferralSeeded,422063364,0x1003c4a1ad2dc6f57fd4ae071f22a45325e3e186bf2e422e2a43204b4d9babec
0x7cbe35e33acc2bbf984d22539fc527163268858d,0xe43c6d8a9674c5c3f8e97bea99197a076ce64ecd,AdminReferralSeeded,422063364,0x1003c4a1ad2dc6f57fd4ae071f22a45325e3e186bf2e422e2a43204b4d9babec
0x83cee9a0160162ecf94ee6c767a671ea251557c7,0xe43c6d8a9674c5c3f8e97bea99197a076ce64ecd,AdminReferralSeeded,422063364,0x1003c4a1ad2dc6f57fd4ae071f22a45325e3e186bf2e422e2a43204b4d9babec
0x5de0e68633b96d9ffd1d187863400238747860ac,0xe43c6d8a9674c5c3f8e97bea99197a076ce64ecd,AdminReferralSeeded,422063364,0x1003c4a1ad2dc6f57fd4ae071f22a45325e3e186bf2e422e2a43204b4d9babec
0x790aa26a628995fe7d9c258987c3a9d394442c7f,0xe43c6d8a9674c5c3f8e97bea99197a076ce64ecd,AdminReferralSeeded,422063364,0x1003c4a1ad2dc6f57fd4ae071f22a45325e3e186bf2e422e2a43204b4d9babec
0x71290c540e0d86134f714077a000b9763b89774a,0xc8e31828f454f5d75b44c1c6d78641584b8c898c,AdminReferralSeeded,422063364,0x1003c4a1ad2dc6f57fd4ae071f22a45325e3e186bf2e422e2a43204b4d9babec
0xa0c34938465fc35822c996a8c017ba5c18a9671c,0xe43c6d8a9674c5c3f8e97bea99197a076ce64ecd,AdminReferralSeeded,422063364,0x1003c4a1ad2dc6f57fd4ae071f22a45325e3e186bf2e422e2a43204b4d9babec
0xa767b27b3dc7ce32a990a9652bd255c52e17fbaa,0x1a60fdc5eac05cb6a7f11c53fa14b0294d5ec22a,AdminReferralSeeded,422063364,0x1003c4a1ad2dc6f57fd4ae071f22a45325e3e186bf2e422e2a43204b4d9babec
0x24a673653322d54d85f1decf9113f9f6d83dc7a8,0xae703fd67e101942465401bebe2c7d51fbd2f2d6,ReferrerRecorded,422070592,0xd86a909a20305b444d47bec8ed0dc67a46f98ecfd4b0e1f935d3dde2742444a8
0xaff6e6a8810711aaf491ba49fe14f83557629717,0x0000000000000000000000000000000000000000,ReferrerRecorded,422122034,0xa6c93331060472b4e8bd6f6a1d7d1a34a98a2e2d3a7e8b38b5cf77ab7e3a7f08
0x4e9ac6006bb89dde6f7dafe212e96e1f5b6c52bc,0xae703fd67e101942465401bebe2c7d51fbd2f2d6,ReferrerRecorded,422125327,0x3693c72893415a488b4fbeb867a5f58ebcbd8421fcf6d89a6683c8d68a28b5c7
0x3b1c230876cfc9942c7a383f6d7d40dd2c50cb66,0xae703fd67e101942465401bebe2c7d51fbd2f2d6,ReferrerRecorded,422126806,0xe5fedabef2e47186b9be84276117a5f3e0807ae779f39ee6e48ab46a401fdac4
0x310612b5039b25f2ed7d9980890ae64f62068fad,0xae703fd67e101942465401bebe2c7d51fbd2f2d6,ReferrerRecorded,422127560,0xeae0b7709002892032c881d4a09fc5914c7fff1acec151cc49ef75a5ea759cb1
0x05a76a91b94515da46f776935f5822469eee004d,0xae703fd67e101942465401bebe2c7d51fbd2f2d6,ReferrerRecorded,422134608,0x8b19ffd6597eafc825c0a9ac868a26b7707e7fcfdb04f8ac1e21d5114510604c
0x082c93d7d4e28335f6fe880f8d52885f18bd8261,0x8e7fe7f66f30da63bf73e6c066d161102a398b19,ReferrerRecorded,422281920,0x0aa85db406365367fc791bd754022cca77374a026aac0923f1fa1c8fd9dbc151
0xf932fdaf4d523b5f6f8b187bb4eee9ce776f6141,0xe43c6d8a9674c5c3f8e97bea99197a076ce64ecd,ReferrerRecorded,422304919,0x13e6a6582e891806b402097fe3afaecab74eccb046d8dbb994a5b18bafbf7b68
0x933d688bcca42f9c768e48131391b21ad73916bb,0x8e7fe7f66f30da63bf73e6c066d161102a398b19,ReferrerRecorded,422337408,0x63e6dbe6901d363917331096492f911061ccd17fa27c1235e7a65b505d831373
0x036074b076c2dbaa3c9d27b7915be14b562c4d94,0xeaef0d634a43723f4304790538ebc14a7d5cfa0c,ReferrerRecorded,422350672,0xe24cf636702144ce8a233ee850a1a4ee32d0a37483245ac87bece1b5e9a4fea9
0x927b7232b12da00ffc34a24df7386367742c43d3,0xae703fd67e101942465401bebe2c7d51fbd2f2d6,ReferrerRecorded,422353678,0x11758de1211a1363fd6f64fa8c4274e8fd60742aad21bd8d922b81a3b5cd1ccc
0x81e274d02db679d5bcece27285a8ae13c1a3a1e7,0x809a51e7482e01a13d606c030588623789ec4a9b,ReferrerRecorded,422685544,0x27a6cc1de5be16f9266655e37cb1e98567518b7b4babcb6f6410550d64e08ec1
0x1b93cdf6d462eb2efdb8d250553ae733178a2e2f,0x933d688bcca42f9c768e48131391b21ad73916bb,ReferrerRecorded,422689694,0xe02dd81f54e284c0f57b328cb51562cbf33126fa3b2ea986a746862ff7297bcc
0x294a2789cf15285e4736088793cdbca242a7015d,0xc8e31828f454f5d75b44c1c6d78641584b8c898c,ReferrerRecorded,422815657,0x25ef632cf488a0350c855d22b8e7ceaf8827e6ab3d11965160bfc8737172e707
0x191f78eb4f4122c28e00516d68253a501b93a14a,0x222550d049a3834f6f4300c3946480f158846d5e,ReferrerRecorded,422954602,0x7ab6402e5f5a9cdde80bb6e357588429f380d1dda0d85d65e936e6a2687e9acc
0x4886b971ef5139a0dacfd5885eb4e1dce9c14f75,0x222550d049a3834f6f4300c3946480f158846d5e,ReferrerRecorded,422955330,0x698ef5856cf30c9c8544aeff83a5adeb8da9a012dceed0b84c1ae91d9602d981
0x3f59ac670b58c82e3ce019ba66bba32d49375c5a,0xc6831eddaeebe2ebfe5e98ec7123845a6dcaed6a,ReferrerRecorded,423381351,0x0712e3b429d02ed69bd3007574d6334681e206ce5ec1e03c78f3acea8126458f
0x6b49c96cabc1dba252c790531e75ad5d5c41808f,0xeaef0d634a43723f4304790538ebc14a7d5cfa0c,ReferrerRecorded,423688435,0xcb75ac001813ad9e70521fe43186ee6ea39cf05e1693c0ad2be0ac8e01a54729
0x065ba15b13c95b23baafcc77e7e9d52ab4d41c8f,0xeaef0d634a43723f4304790538ebc14a7d5cfa0c,ReferrerRecorded,423688732,0x735d43bdb284d9f9729d56f08580b9c1107c5921b4d825499fd9c9ea2a7509a2
0xb50c26336b11b105b7d5879bbeb079292cecc2ee,0x832e14f204d3cb19e67e1a614582357e0fae10ba,ReferrerRecorded,423705756,0x29b61de5bdbf22b919062a7da098611f820e87bb228765973cb9656b96559cfd
0xdd94a5d8391a760864b801b0aad1e8437c0a5849,0x0000000000000000000000000000000000000000,ReferrerRecorded,423722390,0x9bd4788103a3b016cfcbb87caa063b5cd87288ef83febc80333e2058f998de29
0xdd848fb22f971b4390143e0b3f72b4d4c28e9918,0xeaef0d634a43723f4304790538ebc14a7d5cfa0c,ReferrerRecorded,423786575,0xaa7fe453578f935a5b3d036306417f8cd3b1540ccb4e629236e82babaa01150e
0x34343807d2d9179f2b837b8ffcb43d891b75d495,0xeaef0d634a43723f4304790538ebc14a7d5cfa0c,ReferrerRecorded,423787062,0xabd7dd6f46558abda71011a7f2accf49add4cd4f760cc6e446ef94312ec92447
0x7444f4b730bd558956b57516c9fc9fcfb20c706a,0x832e14f204d3cb19e67e1a614582357e0fae10ba,ReferrerRecorded,423892720,0x27aed7468bae52f7118954440892b3d0be706cd7e63b9b655357a8e6bebac986
0xf973c09052893986a96106bfc196dac708b5170a,0x0000000000000000000000000000000000000000,ReferrerRecorded,424189428,0xfae485018831b97b75d98514589d037369507758bfae89c08d684ae1e68edcd7
0x3d626bd7f59e925215a23f31c48c60767370fb83,0xeaef0d634a43723f4304790538ebc14a7d5cfa0c,ReferrerRecorded,424235439,0xbbae73054695e07a3bb9b06928ccdbc7894faa18e806779c2dbd300c5f0584f2
0xfdcb2ca4b55140ebfa2529e33ec4d1706e50cde3,0x8466c8e755900edbd8577e86b6f77e1a49a94534,ReferrerRecorded,424371883,0xb6d8efb1f80d044a070114e8ee122e9f50f7eda4b48c556e398eff10e1307e87
0x99bd450578d422a17c305914cb9d83b744229991,0xe43c6d8a9674c5c3f8e97bea99197a076ce64ecd,ReferrerRecorded,424494363,0x1c5fdc5487257dea6d21fe9fa4a353d8fe6d5aa6347f1e86ca074d788d936b61
0xd68cb0a944661a2f90a4b0ce7c69d9caf927553b,0xe43c6d8a9674c5c3f8e97bea99197a076ce64ecd,ReferrerRecorded,424499137,0xbd0570e276b73b798eb19a3da2dbb625e919cc03add02c5c0360dea8d4884e90
0x1fcb9f5d0bbaf6ad5e3efaa9e7b6c5534f176c33,0x8340f31194537ae7cb8724b7a9c4a49a6ab70501,ReferrerRecorded,424761866,0xf51115f31e1eede1c20af005f41b1d4175ac7475e2886c69994cb65f7c5cc0d9
0x88db7645a43f59611e9983d13c46886b17cd9ba0,0xf48eb579acd833e30afcdf43b158c567b3560076,ReferrerRecorded,424786630,0xd4fe03387f1a8ff8d21293b5ad89d64441dd097bbba824d2acb75c542f7890ee
0xd7ff539d63ffd9a173661fb85d2807df5c4c6e64,0x8340f31194537ae7cb8724b7a9c4a49a6ab70501,ReferrerRecorded,424800203,0x3ad05cb0df01bdc2c973c0ea71286f20e9597624320fa9bd75caa6b1d6700308
0xad7caef983d7785c4cc6cc8e1f3c582b8a99c195,0xc2a3657b8c5f50a0c66f7446f395230a04bd6a81,ReferrerRecorded,425080502,0x916a6a27fe14a413c962f11bb89d88bfcacf13b9b219779be0ac3b993f6f9a76
0xcd412abc6082b9b6686cc1a150ed11ab0837cc89,0x8340f31194537ae7cb8724b7a9c4a49a6ab70501,ReferrerRecorded,425371979,0x02ecbe8150547ae4518656ae449f6a99dab617cee3c13ca79111edc4172c5d96
0xf1dff9b752ca0317356062e8d498f77047c77c67,0xe43c6d8a9674c5c3f8e97bea99197a076ce64ecd,ReferrerRecorded,425383503,0x551497ce9b33e1d0cbc3885c0a88fd73c096486abd6bb08987a633cf8ad49705
0x9177f2aa21714f4863dd8d9ea146d1d545e995a1,0xe43c6d8a9674c5c3f8e97bea99197a076ce64ecd,ReferrerRecorded,425384095,0xa5ef9bba5a5c70f021c724e44f6bd07c67656dcd5c272975c7b42f5d6a6173e8
0xbe82f46267806663e864968c52ba63d6b29379a4,0xe43c6d8a9674c5c3f8e97bea99197a076ce64ecd,ReferrerRecorded,425384653,0x579facd5af2bd3bca9e043a2a86b737ea6333de4d4ecd899848f04b08504dba3
0xfcbdada245cb6cd29d31dd621d3c641c8943aadc,0xd82828e55a100637fb8c98a274c304ae87d29432,ReferrerRecorded,425906594,0x950b190ef77f7ca66c3566c68e4d697e253a799a0927a50b6ec211cc6b436d01
0x9c65111e39025825c210f352d7b7265d9c30e6b1,0xd82828e55a100637fb8c98a274c304ae87d29432,ReferrerRecorded,425906599,0x31737e748948e397e7d7c8b7df1f2d9e14b40736044622fd19c253fa8f1c1024
0x379ffec2376e144970d637e262c88bfffab1c922,0xc6831eddaeebe2ebfe5e98ec7123845a6dcaed6a,ReferrerRecorded,425918718,0x425c51417bcbeeab183ff745cb845ee83b5116d2ed2e322572b7d0f86541a0c6
0xf931b1a7f23b4a1ac20a4afb5825280fb358f945,0xc6831eddaeebe2ebfe5e98ec7123845a6dcaed6a,ReferrerRecorded,425920575,0x10727c7e18a4743eb155393c8a6d50c2d39cf52de4f949d5f48f5529a19129fb
0x20e5987713310755bed249feed6c6e770c2260db,0xc6831eddaeebe2ebfe5e98ec7123845a6dcaed6a,ReferrerRecorded,425921693,0x1e85b73d13a85f02973249b13e42b6986624f9209250bd62f663adda649fecb4
0xe9f8cccb450f3a38d74c050e1c5c7c3f43f4a51b,0xc6831eddaeebe2ebfe5e98ec7123845a6dcaed6a,ReferrerRecorded,425922768,0xac77168971d05e7a957078fc6d48b039363eef0faaad4422e8f531246032db60
0x47041780043776ac1adfef6ea1e3b62bade1aed9,0xc6831eddaeebe2ebfe5e98ec7123845a6dcaed6a,ReferrerRecorded,425923595,0xfe35ee9b1cc3107ce02b061a2647bf186fda5255bed44bd97a35dd44e8c5a575
0x2da57863d1b8a35ba683a33cc1af6a8d3c7869e8,0xc6831eddaeebe2ebfe5e98ec7123845a6dcaed6a,ReferrerRecorded,425924994,0x0d6d3a0aa43a0567016cd610115dffadd0d39e6f6cd5eccb511f3dd1f9b24da2
0xd0a4b64ea467dcbaf6eeb8797dd6d5831a7aff01,0xc6831eddaeebe2ebfe5e98ec7123845a6dcaed6a,ReferrerRecorded,425926494,0x429340045c3ceab353bf28027878722df13ec428524b83bf12128a871e7b31f4
0xb1375e25042e116471bdb44f4586f43aa4a4cd31,0xc6831eddaeebe2ebfe5e98ec7123845a6dcaed6a,ReferrerRecorded,425927605,0x6181a437d2e6adac8a29eba1df2941100bda7ca6c3d95c744d91704750b55552
0x8a8ea4ccf96ceeafbaa95e67bbb486770b5fb71e,0xe9fade45e618e11bd38a73803fb84e46a0cd6c62,ReferrerRecorded,426027900,0xbab89ce3600e4405f029d55d26110104184609532c0f07ea8717f6945c32f753
0xff9422d0ab1ff53cf1cddfe9ed818c6eb50fc261,0xe9fade45e618e11bd38a73803fb84e46a0cd6c62,ReferrerRecorded,426028347,0x6bf38678b70ece4a3bd7494d20b9ca096cc915b3315f94f609b4779fb222615c
0xa689b02b09a26db2380ec44db185c3e630ff8c26,0xe9fade45e618e11bd38a73803fb84e46a0cd6c62,ReferrerRecorded,426031118,0x001db681abac6a90d5ee5c5c068b2b1366c48a1c3f9cf0dda868154e4816453d
0x2a7637e33dfa7856ead528493eca88ba367b9667,0xe9fade45e618e11bd38a73803fb84e46a0cd6c62,ReferrerRecorded,426031601,0x28edbf7c75dddbfa97c901241b1b336238ce6853ac4589923bfb2368830562a4
0x771b7fe2d67230da4c6ac4f8b1926a302375b281,0xe9fade45e618e11bd38a73803fb84e46a0cd6c62,ReferrerRecorded,426032010,0xef0730991a043215b715bf0abeca003933576761936b621e1cefc0ad4b5c5d8d
0x8e19f186b63ea0121af4dff39a8e10873c71e797,0xe9fade45e618e11bd38a73803fb84e46a0cd6c62,ReferrerRecorded,426032685,0xe25308365d125f173458c65ddc9831af3c9bd38761569e61fbb2625d9fe57f81
0x226e3b631d74eda2b6d63cbf9197c6318abe68eb,0xe9fade45e618e11bd38a73803fb84e46a0cd6c62,ReferrerRecorded,426033418,0x1af64195d6370500b0fd2a8201aa6691c252959fe60e559cc0dd4f5b4625bf0a
0xabb9d86de04364f55809dfb2ff04b540ed2d42e5,0xe9fade45e618e11bd38a73803fb84e46a0cd6c62,ReferrerRecorded,426033836,0x1b122e5149c60654d12c0cfe2e7fae33d3420c11d53d1005b42a1e47a5b54bd8
0x10ef5d2ceb9d30a7e21f02962aa941aa5fe1478f,0xe9fade45e618e11bd38a73803fb84e46a0cd6c62,ReferrerRecorded,426034460,0x47621ab6e26b83eb7f201bcee358885cb8390884cae39bf8d49b6491deded947
0x9623d3eece098611a611caf9103b7232717f44d8,0xe9fade45e618e11bd38a73803fb84e46a0cd6c62,ReferrerRecorded,426034899,0x2734adb958d96efdcf27b19e7342815d516ac0783a92346f083c5fdebe12402d
0x084e0fd9096c4c409f5ca1f19e505b38fb8a0e89,0xe9fade45e618e11bd38a73803fb84e46a0cd6c62,ReferrerRecorded,426035297,0xf044d122acc54d79294a178b0f58c0d79b4c55251a028f306132e3a6fab111b5
0xb880a827e7859e3f04a4840b82a2cdd83f7f61d0,0xe9fade45e618e11bd38a73803fb84e46a0cd6c62,ReferrerRecorded,426044891,0x54498b0cf2405662dc50c230ada0224598cd39641098a8fea7201d13305308aa
0xb801e7ca4cd0db343516c8e263683f785924b49b,0xe9fade45e618e11bd38a73803fb84e46a0cd6c62,ReferrerRecorded,426045480,0x88f35bd644f4f9518e021bb840053338b2bad50a830df988d984da8ca779cf65
0x6b8fcc54d43466933dc45fdd0733c4f5882bdb7d,0xe9fade45e618e11bd38a73803fb84e46a0cd6c62,ReferrerRecorded,426045977,0x506e81a7297bd086eb09d1a8960996155b1187432d11c3a8d4b8bbc9c6f3a8e5
0x6e4447cbf9881bd81c1750e752fd2229c16e16d1,0xe9fade45e618e11bd38a73803fb84e46a0cd6c62,ReferrerRecorded,426046589,0xb6825b1048bf992591ec2a71c455a8ae80a0ba3e0766f79d1e173ac0246ce283
0x924aac17fa40417c2994d18224f249265e5bd85b,0xe9fade45e618e11bd38a73803fb84e46a0cd6c62,ReferrerRecorded,426047366,0xc9309f22b381830f4c125be022b34d5ed7d980b1464e10e213a274b8eed52933
0xba14b1cefce39c134639ab40eaac7f2a39c10bab,0xae703fd67e101942465401bebe2c7d51fbd2f2d6,ReferrerRecorded,426075980,0xf2578515d03865b2a59e9f8b7d5d93d3741e23ed628ccfce02b0b2ce127c68e8
0x231c3b371c415b5275aa80d46899a4c5b40a193a,0xae703fd67e101942465401bebe2c7d51fbd2f2d6,ReferrerRecorded,426076468,0xd71a8d0166dafa26d467e7ef280ed3c1ed74d3d6828d934599ad283749ed7b8c
0xa6fc04a60ba7e6f2502c322779eb9f3c4dff6865,0xae703fd67e101942465401bebe2c7d51fbd2f2d6,ReferrerRecorded,426076812,0x7acc9522ea4cf6193b7e9d3da15154b6b360f66f80f54dcd91617f98232580c8
0x6694be6cb2eb777a786ee9c97349d7007ec6559e,0xae703fd67e101942465401bebe2c7d51fbd2f2d6,ReferrerRecorded,426077327,0xa26d1131f6e91e6ceacaa80b3dc15e17b207f11902e558394bbc04d8a2ef4c06
0x1312300ae6f634e479694341b2d3540c9607dfa6,0xae703fd67e101942465401bebe2c7d51fbd2f2d6,ReferrerRecorded,426077703,0x285dac201708ee9d50d79d5b87e373991bcef280f02a574daf5cc7a06ae7cc3d
0xd6dc7dcf81aa5b074465bf611ca39269e49dfe26,0x0000000000000000000000000000000000000000,ReferrerRecorded,426077827,0xb3bdd92612c6535061e6330a95a43e04dce241a7ed3aa4228d31357e0a8ee593
0x3267a2c132c573218b563b1455fd0667588b3644,0x0000000000000000000000000000000000000000,ReferrerRecorded,426240853,0x014e14c650f49c92282e4d5dec6a23d76d961bf30d4470b2829c5fac15cce9da
0x4badf4585e2c6d1e03fb7ba82bdac858fada5508,0x0000000000000000000000000000000000000000,ReferrerRecorded,426250948,0x91c3c005cebb17516d4578676cb74a3fa6800c8531ac97aa11c9d0541c14c71e
0xf0187d67a70329ffced0a19e8ae060107843bdf2,0x0000000000000000000000000000000000000000,ReferrerRecorded,426476108,0x7f27ded5611abddcc6b9d5031ed89797a4efdec3ede26403fb9fe0ab210ed346
0x2b06f170dfc7bad2ea432af4cdbd372f0ed1319a,0x8340f31194537ae7cb8724b7a9c4a49a6ab70501,ReferrerRecorded,426478931,0x917b53f09c6df87154e50b878b99b55c8dfb239a1b0b61e4689e15b2c74e6659
0xefab7394d05a5e3f6e932213b282e1ea781eb07d,0x8e7fe7f66f30da63bf73e6c066d161102a398b19,ReferrerRecorded,427664948,0xf81d0c0be38af77d958078b85c260463172652dd8c6aff64fe5c255d87ffbb49
0x29d3ef9338bcda3de977654e146a99eeec02dad1,0x0000000000000000000000000000000000000000,ReferrerRecorded,428170584,0xfea88aa74be1f935108ca576144148cad06891d0b046cc404289eb4cc553b667
0x1c6360d460a443f7dc5a8d3748ffb1e210f5d3c6,0x5ee14ad58471186540bb494fb0d309327bff0fde,ReferrerRecorded,428225440,0xa44dd0d58e56a5370e52fe06dcffbca7acf4ae09bbe2093ab22c163ff82e6fda
0x6196ad1b23740c3dfe4b3bc773215952653c9d21,0xc9bfc3383c329d4903de9d4822edb330ddd65184,ReferrerRecorded,429169550,0xe85fa2d23c8dd2825921e0c58533f093c955d867445e9bbe5bd3638a25bace9d
0xe0de11163fee74574b99e5bd9f9d2a6d1cf79dfa,0xe8fa65ae8e23874771fa6fd765b7eaf3e959e4d7,ReferrerRecorded,429401000,0x41aeaa4b125be2c5ba9335be67ed0b217e5f0d1cee89a6763736afd620aa01c0
0x1a14a16444da4dae54151ef0c5a63edd3fd39471,0xc8e31828f454f5d75b44c1c6d78641584b8c898c,ReferrerRecorded,429711130,0xfe9ca3f177c17901d4d2fe5a272aef3382c0cd119400ec72377ee446a5bbfacf
0x755bdee7977fd33701397f294cbe2767da4f5a04,0x316e41c59e2917c3efbd708d77e917ec83125000,ReferrerRecorded,430361531,0xd0903b9173571030d5fff81f6ea5390a0b11b471e2457379b93b7e67f1555a24
0x11897e49d16080cb2958e0a4e0b2408ecca2ab6f,0x755bdee7977fd33701397f294cbe2767da4f5a04,ReferrerRecorded,430436370,0x317985200ff483214ab24c068edb02ad207171b383cae390c0e1ea8b085d5a6b
0x1a60fdc5eac05cb6a7f11c53fa14b0294d5ec22a,0xdecaea559624078a3a0d77430e6477df4e8cb8d3,ReferrerRecorded,430810286,0x5bb9c98051fe664fab91d5e3dc937b70342be89634b8ccecda14c59df9866b24
0xb05413e3de6c258fa2a2bfed167be9ff1296df52,0x9f157d563fbf376f90fe8b3452507649a2d6a38f,ReferrerRecorded,431162221,0x00c6dc7f4088acda32d4dfd223f2a379776393289d3631c5d263302193291a63
0x7714ee5bec5a1e48adb196747b89a4e2960836f7,0xdc616aa8afab3d82f39dbf56864cd4940ad31905,ReferrerRecorded,432431005,0x56322598c6393b5d7337b08f899eed552db3452c2757d522fbc5a98362dbc4ee
0x0c7c5838a5543efb70dee4fc994a45a7876bc619,0x9f157d563fbf376f90fe8b3452507649a2d6a38f,ReferrerRecorded,432896307,0xaf7418ead5920afc1b5a41d39e0a0ede83c4830acd7e9db35acb7b4d9d51fc37
0x152b2c6f6b02e9d878aefef552dfad8f1b9844a4,0x4250131facc5134f66e77c5ca3da3778d3454484,ReferrerRecorded,432907257,0xdee9f2370abf248491718384068cc1e34ac325dc66533d8f5d52ecff23c353a4
0xe108acdc63f1b8b795ae412438f6e5528738bf4b,0x4250131facc5134f66e77c5ca3da3778d3454484,ReferrerRecorded,433103151,0xfa2acfb4cd0d6a6b29cb56cea75ee2e234ebf985fae71d6dfec77eacab05c885
0x25ae60cd3be35f71ccf82a1f9f9b9233e2d301b6,0x0000000000000000000000000000000000000000,ReferrerRecorded,433219779,0xd6682fd80bba6acdd04f5a20e13333233c671110bec0135e9b871a8d7050a3dc
0x89ff5cd735aadaf420d7494ed59c526d5a2bb32f,0x4250131facc5134f66e77c5ca3da3778d3454484,ReferrerRecorded,433397746,0x56fa91d2c84ae874eb81f174affa4b9827b23fd82b3fa979d6d33948f3f7c680
0x9722a306c07999963841ecb2de1e882ed6380a29,0x45691f334bf9871a143d284c4c7dcbe8601c8eb6,ReferrerRecorded,433413453,0x9deb0f55edffa7d6bf6418a1395b231dc0d76a32f9685ca4538cafb3c65c4993
0x7cd608f8509f870669f8f73390815058bd2c85e0,0x0000000000000000000000000000000000000000,ReferrerRecorded,433577863,0x70c8ed5e2bf3c869fc81e358b057c76c368d0fba01f590de9e0cb5173cd3317d
0x8fb01d09c17696b457e2583f383bf8f30ee1a5bf,0x294a2789cf15285e4736088793cdbca242a7015d,ReferrerRecorded,433798264,0x902998b64ebb8d3bb2eb59094fb66c6bbb95f7fe955b16c6955f300961e8fa18
0x84a4033f8a7e4221af7873bb5aa4c26f572d7d4d,0xf48eb579acd833e30afcdf43b158c567b3560076,ReferrerRecorded,434431539,0x3dbb10e75bd95c7fc41a1563f337673f3dd3e56d985668fe84ab6975cddfcfe0
0x82e5e1af6f960bda48872887f0c7caacbac78356,0xc2a3657b8c5f50a0c66f7446f395230a04bd6a81,ReferrerRecorded,434537229,0x01dac9a93ec3be6ab9428f2b99b584c353c4d0e0959361ca6fe39627f063444f
0x4402340196da28ac48608ac996d229ae78fb3f2e,0x7f23c8372e1c2572f3d51d9ea79102bb600bb995,ReferrerRecorded,434634408,0x24066cd96bff7925163e6b02e332a502a71e0e70369094c57f2a74f695bde99f
0x1da6f15b4ac576b9d27a97d70526fe8884fe199d,0x9722a306c07999963841ecb2de1e882ed6380a29,ReferrerRecorded,434883458,0x62d1e3a5ac7fe7c450d719b8a1ebd547af8eecb5fc8d4223bb072b34254ee798
0x0e94d69f6b9a95d6ad77193a7411679318dc1c31,0x4402340196da28ac48608ac996d229ae78fb3f2e,ReferrerRecorded,434961316,0xaadf2d218caca8231718edf3e07476299a4f904eb7b3f562b19f384b08a54f79
0x456424cc96bb0c1a50baf0b449d6f4141a5b4850,0x1a60fdc5eac05cb6a7f11c53fa14b0294d5ec22a,ReferrerRecorded,435233820,0x37bb781554ae27ee424c4d686d23c02a23d14e9c9b107cdd5ee229a1beaa3382
0x394ecd123435e8970d88c89192fc83d6ae52aeb8,0xc2a3657b8c5f50a0c66f7446f395230a04bd6a81,ReferrerRecorded,435324377,0xfbe0f3f023b9f6bcf6c3dceb86ba967fc6ee237d27e290ad7bd20262e4227d52
0x5dab334b1bda0a33b7ed0c1752353146c088bb3f,0x0000000000000000000000000000000000000000,ReferrerRecorded,437361224,0x0bb36516b8c83a8c3ceffd47c4e9774bb00b81226e1db2a19ff47f4483196d28
0xa8bec8a883d2ea7120612790e5ca2ba1f511a49d,0x222550d049a3834f6f4300c3946480f158846d5e,ReferrerRecorded,437594879,0x164141f10707383d7c77fd88d474bc872df0984f51882b52984192e24540abe1
0xd3018413e052159976c3b272e1c83b4867f4d84b,0x5ee14ad58471186540bb494fb0d309327bff0fde,ReferrerRecorded,437720972,0xe2fbe5fc539d6d944bf091a978c7f8bd7e9d4dff001cfc81a57d255c40155c83
0x061b6d5db1dbf0091d54cfadddb50f24ddb98ad3,0x0000000000000000000000000000000000000000,ReferrerRecorded,438055255,0xe58dac3077e013b74df5ed31ac58fb8fa9080e08cdbc223284ab8557837415a0
0xe6946f009f180162030156a6b0c763d9f422a511,0x0000000000000000000000000000000000000000,ReferrerRecorded,438721911,0x9fa93c8b8704d44deb0739531037dcf7515b35c5f0e936664949a416ce97cfab
0x082adb1c120fa9c9a2460323cb36cf9e602c3dfb,0x0000000000000000000000000000000000000000,ReferrerRecorded,438737687,0xdfeb6b40ab5e362f151208bf3cbae1d7b1111a904355aa1b597721c183b3fc23
0xadd1694ffa97e6c971b2efca90297811190be221,0x0000000000000000000000000000000000000000,ReferrerRecorded,440047823,0xdd7f5428a79526270d96b2bc45db910f76b904aee410f6f5e61af21194b17171
0xc0d2534180ca21de5e3e8717198ba17e6dc3032c,0xdecaea559624078a3a0d77430e6477df4e8cb8d3,ReferrerRecorded,441194372,0x8ad6be5952c71d52ff06b274f9f1bf15202b41fe2f2859c4e2080e58e4134a5c
0xff82d6138e27f2c2a1f8e638b4f82f1f0cb54ffd,0x8689d1d8471bf5f97efe9fdd96fa242a596d7b49,ReferrerRecorded,441207328,0xd97672fece7bc4328c0c19bc0e218c54ee6b39637fe94dcc40106bf8410f5faf
0xc997ad1208bf18599094642660b7344133f2c900,0x0000000000000000000000000000000000000000,ReferrerRecorded,441559294,0x6c7516d310dd512959efcedc90ef4327db2c22f356fb317c7044f1b127ca2e85
0x321647449f5980c19a8fcaa53cd3c0a4f87c472f,0xdecaea559624078a3a0d77430e6477df4e8cb8d3,ReferrerRecorded,441576977,0x585d3082243f30e0e9fa3ef856b9c948f37c8af92952e747b0dc7e0a1234807a
0x8248f7b7f7cb8fa51db9138b42a6bb7af1721e9e,0x0000000000000000000000000000000000000000,ReferrerRecorded,442224816,0xc9aeb1b7adc6fdaaacadedb23818dcc57e7256bbf9f38f1e120adb9e31645f12
0x0f01029ee7d5257fc3ab9dafd0f865de4e7f20b8,0xdecaea559624078a3a0d77430e6477df4e8cb8d3,ReferrerRecorded,442553381,0xba35f8455de17cdd94761589154c0e9381b0035e6f0f55fee3039efab33e62f6
0xaf628b18b511612a22de232b32c9bfeeabb79e73,0x0000000000000000000000000000000000000000,ReferrerRecorded,443091304,0x42011b1a8ed832a46786f24dc62f48a2bb27c0c68ec7fc0fa3ff6fc052d9fd7d
0x0bd073aae189db7d0d57bb87b1b5ffa13fd726d0,0x0000000000000000000000000000000000000000,ReferrerRecorded,443316021,0x724d237f7e5636e6bf56f649fd98a4c2ca184ef9f820d7a53701c528e27cbe77
0x03901c58c9252b017b0aeea6e6231b63f072c515,0x0000000000000000000000000000000000000000,ReferrerRecorded,443565528,0x82639191aea747015de7159088e0cfbd01d9b8a036916d59680e7fca5c18a4ad
0xda731fe7b96db0e034d63849cb48a504129165ad,0x0000000000000000000000000000000000000000,ReferrerRecorded,443567091,0xc369dc041baf44ffb6f66a0dc611708c099828afcdc720c71df2f9d56a2950b4
0x134518c27067575e2187b88457696dd1f6891896,0x0000000000000000000000000000000000000000,ReferrerRecorded,443802539,0xcd1e88b132ca1e17de3fcf37a5e577c20261394934cac71439043b1655ec08be
0xddcf34bc67aa44a5117645d1ef5f83d462c9c119,0xc8e31828f454f5d75b44c1c6d78641584b8c898c,ReferrerRecorded,444906828,0xb5e371dea454b89e2f446cc0513a9b9641ccb63590f55905b3c11ce11dd61283
0x04af9c141fd108730ac4d8532fdd2375deab917c,0xc8e31828f454f5d75b44c1c6d78641584b8c898c,ReferrerRecorded,444947919,0x8832c911f908aa1fbb80ded433b83c6b2641430e5068b69aff1e1015a096e739
0xe9fade45e618e11bd38a73803fb84e46a0cd6c62,0x0000000000000000000000000000000000000000,ReferrerRecorded,445407590,0x175bba581e8c8e3e9ca0eafb1e6e8d6f6f32d0c6f76326f41870f8973a63c128
0xfd39eb908ae427984832ec63edb2deacd34a2aaf,0x0000000000000000000000000000000000000000,ReferrerRecorded,445573383,0xcef09388b6655f0f3fd1bc9599336cce683a8c9e7c9c51c81f3698de6a73dda0
0xa0ad29a84f3404a508ff16c8df0dc5bdca4ff2d2,0x0000000000000000000000000000000000000000,ReferrerRecorded,445591237,0x99de372f40a6014d0a08930fb6f73e6870d495f63826451549114b7d7fb60d5f
0xa3fbe50d01c81353a4d1f19cb7ed803f6861d4e2,0x0000000000000000000000000000000000000000,ReferrerRecorded,445661886,0xf3344c00ac9edf77554ef74d729a23ecb4e74eb97ca12565ad6680bf62724681
0x69a425a1e07fcf27e08ac3901d99e3a706eb0bdd,0x0000000000000000000000000000000000000000,ReferrerRecorded,445662206,0x545fa3bd8b8ff1edbf48d65d5a128afbd1c233b27b9e8dd749c5a01cb9a22c74
0xb71b1be612307cff9582a000adba13d979d06c68,0x0000000000000000000000000000000000000000,ReferrerRecorded,445662517,0x6c8dedbd4f75b02a3e77ebc3c83ab9ad7dd92e8a113269ee21f8e21fa68ae14f
0x752893b06653902e6391ddd3d38412e996560572,0x0000000000000000000000000000000000000000,ReferrerRecorded,445662879,0xa6533b554bdb29259e4f70273fa6c3997dbe7fec861333427bbcc13aeead34e1
0xfd22fd6faabb307fdb313f3e947153dd8d9532a3,0x0000000000000000000000000000000000000000,ReferrerRecorded,445663333,0x86be0fb86fbd181dd550d77f6da83a69d8656b0ac7556f561fe86c2efff0d0ae
0x5b5a7e57991ef1d1f5c8ee763a3a72a948ee60eb,0x0000000000000000000000000000000000000000,ReferrerRecorded,445850560,0x7ad5a98249355f704bf1bddcfb3ac5415479dd07df45f13ad67803a91a59f581
0x5979fea75700af870af8795b38f2099946b18188,0x0000000000000000000000000000000000000000,ReferrerRecorded,446100410,0xcafcb0450ac1ce0d9c371b160b9239bce9007a89491b398006c4dd6be0d2e246
0xf465038e9af80d19c0c8034722a5ec7dbef2c5f7,0x0000000000000000000000000000000000000000,ReferrerRecorded,446100453,0x158b19b2f15edd345624b9b8d1e76895d4003faf04366c1d66cd4b11ef9555fa
0xb364f0c221d8e7a2353568118c3d40e911f7cc53,0x0000000000000000000000000000000000000000,ReferrerRecorded,446259485,0xf17305b4691d2e95a028ff4e8de827d0e8006e9530a1d9958183f6594c2e81c1
0xcf5349a36457ce5ae4bf4e5dae72a355c6bf5bf5,0x0000000000000000000000000000000000000000,ReferrerRecorded,446263325,0x53c0923ce91686e037803530ccaefd5505265ed21d8ab8e1af0cb00ce553e178
0xb57361b68e8876d2c2aec4de466ef85a7d2c1d46,0x0000000000000000000000000000000000000000,ReferrerRecorded,446278388,0xa919807a2c5daae6dfabba79fa77808039ca4e9a51bc2e53303bd939f73b2a4d
0x585e86b7538af026d37eca6c2c140cb9da2bcf43,0x0000000000000000000000000000000000000000,ReferrerRecorded,446280132,0xaeb993cc15235521ded7057fc9e74a75839446655fc0f59eca7dd293dc71c668
0x11a33c3895e589c56984da0c50629e9f43feff3b,0x0000000000000000000000000000000000000000,ReferrerRecorded,446284509,0x5005a9284fd3814cc477bfd2517586ea67acbe88ba3dbe92b55df506eec3199e
0xedf83365b1f3e9981c6e5dc228b359ed27e6d372,0x0000000000000000000000000000000000000000,ReferrerRecorded,446294282,0xfeba249e7c064eb841d9cc79ed12e4f92a0882fb7dcb39382c7a1b50e7efb9b3
0x2302d27ea9b848609b12adef2d30f39ddbb9ea62,0x0000000000000000000000000000000000000000,ReferrerRecorded,446303729,0x2790070f563cf694a20a2ddd1917bed13dfb85fe9590a97f4e33d9e4fe786212
0x1cfe5ef0ece8a363244a51bc99a6681d8af170cc,0x0000000000000000000000000000000000000000,ReferrerRecorded,446311837,0x205f3cf455ad1224e4a9a54a850c1d7b7be14b3d761cffacaec20ff67ff46883
0x0604baa606e0d3ea112fe38bc5356ab96913980f,0x0000000000000000000000000000000000000000,ReferrerRecorded,446327923,0xfe7ac6db1d39fccda0df561319f08c42e5912f699c44a9916d68f3138978bc96
0xf48eb579acd833e30afcdf43b158c567b3560076,0x0000000000000000000000000000000000000000,ReferrerRecorded,446597231,0xff25eac487e7cb730dc9df77044787a6e1b847919806d0940fa858ae66878f24
0x4d48f9640592f997a690d1cfe55b95f4694ef19b,0x222550d049a3834f6f4300c3946480f158846d5e,ReferrerRecorded,447322083,0x7456abcf3fefc7e8be6d3975d91c70ce01211825354e7135ff23a4321239bd7e
0x409fce5c6d22d182935b09c65c1032c2ce4c243a,0x0000000000000000000000000000000000000000,ReferrerRecorded,448060530,0x2023fbb2c978d32123ca9c38fd99fee4966aadf23484a7ca3ff0039c5fc5bd91
0x1f11abc494fa5773f00927068de1b2d22d5edbff,0x0000000000000000000000000000000000000000,ReferrerRecorded,448555878,0x681e8a29a8deac4c9d1272edfdc8f4c95373b78d7792c93f85bdf2ebad5682ac
0x044c3d7b182d154a8981b4df1ac53cfa03b66359,0x04af9c141fd108730ac4d8532fdd2375deab917c,ReferrerRecorded,449518954,0x3c7451417e6b883df920919eb18dc46071c55fc95a4b6d4c672de2f9045ee3b7
0x222550d049a3834f6f4300c3946480f158846d5e,0x0000000000000000000000000000000000000000,ReferrerRecorded,449762061,0xa9c29c24875424e21cb44b165c5fd2fa63b4a3a777ebe08ee42874fc43e96e1c
0x2b91fa90c37f5681640ce3c637910580ab9f153b,0x0000000000000000000000000000000000000000,ReferrerRecorded,450133586,0x51526335de1622a06f747c5cf90e5001660f80cd1714c9907da10cc605647a39
0x832e14f204d3cb19e67e1a614582357e0fae10ba,0x0000000000000000000000000000000000000000,ReferrerRecorded,450218232,0x6f101339508bc2c3f7162afb6d2fb1126f935dfbba595cb6097a2b2b65e21096
0x702b0672941d08544fcac650bf3d288cf1cce7c2,0x0000000000000000000000000000000000000000,ReferrerRecorded,450418337,0xb1ef243363f0ddbec9fe29dd36a2fe089f0680b8d794005bc95a0d6881c4d658