0x2c93356052ca443e4c8b84561759b7e7c8dd06a6,0x798b550766e9e708eafcd2b21c596453e3eb7256
0xd78f4b94aaf5ed911af6788ef17ca452128a283d,0x5ee14ad58471186540bb494fb0d309327bff0fde
0xf024803cc91133cdcf0953d80a879c84e6434abc,0x5ee14ad58471186540bb494fb0d309327bff0fde
0x082adb1c120fa9c9a2460323cb36cf9e602c3dfb,0x5ee14ad58471186540bb494fb0d309327bff0fde
0x7714ee5bec5a1e48adb196747b89a4e2960836f7,0x5ee14ad58471186540bb494fb0d309327bff0fde
0x6567d3ef069779704d8e799c0f31638e72e48dd4,0x5ee14ad58471186540bb494fb0d309327bff0fde
0x17d2d1a091eaaea41b68eade0633b5dd0398be20,0x5ee14ad58471186540bb494fb0d309327bff0fde
0xac91f2f5dd4ee802f5b5d472370de512c0575153,0x5ee14ad58471186540bb494fb0d309327bff0fde
0x1219c1ec0ef5dc99c16671590ec16c14ff548fdf,0x5ee14ad58471186540bb494fb0d309327bff0fde
0x798b550766e9e708eafcd2b21c596453e3eb7256,0x5ee14ad58471186540bb494fb0d309327bff0fde
0x87bb34d6c98024746ec17f885fdb76922791489c,0x5ee14ad58471186540bb494fb0d309327bff0fde
0x3764e07d8bbb8a6e599db087904bb2ee838a4a1b,0x5ee14ad58471186540bb494fb0d309327bff0fde
0xe6ec8ce2abb5e966d4538d8d78ce4f7ffe0b85dc,0x5ee14ad58471186540bb494fb0d309327bff0fde
0xe0de11163fee74574b99e5bd9f9d2a6d1cf79dfa,0x5ee14ad58471186540bb494fb0d309327bff0fde
0x392d680e32082e34707622d9e1e8c8dd9bca2eec,0x5ee14ad58471186540bb494fb0d309327bff0fde
0xe4b135d8e16351b8d8ae4f184bd2020c78270288,0x5ee14ad58471186540bb494fb0d309327bff0fde
0x001878597b6b2a5efd0f548e94902d652a862653,0x5ee14ad58471186540bb494fb0d309327bff0fde
0xefab7394d05a5e3f6e932213b282e1ea781eb07d,0x5ee14ad58471186540bb494fb0d309327bff0fde
0xfe52a23ec45710363234880102b8977a21da31ec,0x5ee14ad58471186540bb494fb0d309327bff0fde
0xe4998e45d6c37cc9992f50481eec30ebb7618e2c,0xe8fa65ae8e23874771fa6fd765b7eaf3e959e4d7
0xbdd358c7019bd2e8ca92b9ed47d2effc38f738dd,0x8e7fe7f66f30da63bf73e6c066d161102a398b19
0x31a17ca9f5c61fea8377100ecaa0f2a1909889b8,0x17d2d1a091eaaea41b68eade0633b5dd0398be20
0xaa6b9c8302bec61701b867ae1be14d357448f84f,0x17d2d1a091eaaea41b68eade0633b5dd0398be20
0xdb521c682b7ad9f024d76f72fa7baf3c07390dcf,0xb10809689226b086396dde4fc458dc1fa383a446
0xaefd53a5a1e1743d4972229f5ffdb90d66c0d6a2,0xb10809689226b086396dde4fc458dc1fa383a446
0xdecaea559624078a3a0d77430e6477df4e8cb8d3,0x5ee14ad58471186540bb494fb0d309327bff0fde
0xc91bef49b2bc2a017b96455d0abad1ab64e497ad,0x5ee14ad58471186540bb494fb0d309327bff0fde
0x0D1394c9A4eaE8E77DF12d6773f2a603bd42186D,0x17d2d1a091eaaea41b68eade0633b5dd0398be20
0x986028a4bA8851Ba1E00dE8faFF66f3576f74b11,0x17d2d1a091eaaea41b68eade0633b5dd0398be20
0x18cec7e703585796acda06dd098b6524009ed6f6,0xdecaea559624078a3a0d77430e6477df4e8cb8d3
0xF91c4cdA650A0d514A19F23d55099F74b3F49151,0x17d2d1a091eaaea41b68eade0633b5dd0398be20
0x0f1a3b039c065014088ff30805ef6caa6968c911,0xac91f2f5dd4ee802f5b5d472370de512c0575153
0xc235715a3d1A3f44FCbf337c26b0aFef865EEb7F,0x87bb34d6c98024746ec17f885fdb76922791489c
0x48a822f553353ff10f454a8cf9e78567ab3bece2,0x87bb34d6c98024746ec17f885fdb76922791489c
0xc42990ea68a200082b6a81ab473f11f498e5f145,0x8e7fe7f66f30da63bf73e6c066d161102a398b19
0xdc616aa8afab3d82f39dbf56864cd4940ad31905,0x5ee14ad58471186540bb494fb0d309327bff0fde
0xac6d570e92d64a58ea8f38710bbc13e3b211dc51,0xdc616aa8afab3d82f39dbf56864cd4940ad31905
0xF273D818b7ACf6035F42cDA7D3F6Ee0b98C069F4,0x8e7fe7f66f30da63bf73e6c066d161102a398b19
0xe3e785123e08a6c2c4bf2e312192e79a1b368d03,0x5ee14ad58471186540bb494fb0d309327bff0fde
0xB55B122495AEcc8Da5Aee034e93367AFA833AC72,0xe0de11163fee74574b99e5bd9f9d2a6d1cf79dfa
0xdbfd09634e69744449fa741544c769aabeeb4f1e,0xe8fa65ae8e23874771fa6fd765b7eaf3e959e4d7
0xc64dfe01da7f58a0426da7490ee91869b38e69ca,0x392d680e32082e34707622d9e1e8c8dd9bca2eec
0xa59299e610b09f8f8ec8b44954bdbecb0d314cce,0x798b550766e9e708eafcd2b21c596453e3eb7256
0x59afc6f2c02a84273298ea14c71534b8b9ea4332,0x798b550766e9e708eafcd2b21c596453e3eb7256
0xa58a77762bb374d778e9503ab3ec1eb612f62dc9,0xe8fa65ae8e23874771fa6fd765b7eaf3e959e4d7
0x2ce327c26ca75eb52a1a6377bab98f8d42ee1b24,0xe8fa65ae8e23874771fa6fd765b7eaf3e959e4d7
0xb7dccc88f93acd5cb13ea12e41e32ac169206c5e,0x392d680e32082e34707622d9e1e8c8dd9bca2eec
0xa20ea6f8f5e638fdf5df4addfd7b4dea16a08e9f,0xe8fa65ae8e23874771fa6fd765b7eaf3e959e4d7
0x3dbae5950213a895045bf031b05b10457f33963e,0xe8fa65ae8e23874771fa6fd765b7eaf3e959e4d7
0x4d9378da9cfba3730792dbdceb79e7c5666289b8,0xe8fa65ae8e23874771fa6fd765b7eaf3e959e4d7
0x98b13063abf68786947ec161c13a67dc52b6bb35,0x17d2d1a091eaaea41b68eade0633b5dd0398be20
0xc703cd7bc5784710792c93e1e08cfd545a64d733,0xe8fa65ae8e23874771fa6fd765b7eaf3e959e4d7
0xea7967829649997d20eecb5a0a84b8bbd7f40d96,0xe8fa65ae8e23874771fa6fd765b7eaf3e959e4d7
0x794e91d76ea72eba67f020a43528010d17e90622,0xe8fa65ae8e23874771fa6fd765b7eaf3e959e4d7
0x933d688bcca42f9c768e48131391b21ad73916bb,0x8e7fe7f66f30da63bf73e6c066d161102a398b19
0x316e41c59e2917c3efbd708d77e917ec83125000,0x933d688bcca42f9c768e48131391b21ad73916bb
0xd50dc2e4c7e9f779bd190f781a0d82dcd3a1d9a6,0x9545997091e07B5696477D18a2EE9e7C75a3b3b9
0x09fbd54a75cf6B4b463003D36c5EC28afb785006,0x5ee14ad58471186540bb494fb0d309327bff0fde
0x6530ae82c0c12c52011d376a20d39798c9c0cb99,0x798b550766e9e708eafcd2b21c596453e3eb7256
0x95CCf809946bF9BcBd9807C5aD7Cb9240b92D16a,0x7cd608f8509f870669f8f73390815058bd2c85e0
0x697805B0feE164A2EcD4a4E480d574a12C86f2d6,0x7cd608f8509f870669f8f73390815058bd2c85e0
0xAC2D036Fe07909aDcA0933820851198d510E37e1,0x7cd608f8509f870669f8f73390815058bd2c85e0
0xa32986ec2c3b625ef6920c65adc5cdb390535334,0x7cd608f8509f870669f8f73390815058bd2c85e0
0xA653FdE86b90Ea41A07bA14644CAF124E3aBBeC2,0x8e7fe7f66f30da63bf73e6c066d161102a398b19
0x6ba7fe2588b6be893FAAa8f3DD4b94CB2A04af87,0x8e7fe7f66f30da63bf73e6c066d161102a398b19
0x7e85CD8d58cA5F3542B9c9f3a56a20F9c9D5b107,0x8e7fe7f66f30da63bf73e6c066d161102a398b19
0x7D0CC1Ff09D282Fde51971f18f3165F9f42a99a3,0x09fbd54a75cf6B4b463003D36c5EC28afb785006
0x755BdeE7977FD33701397F294cbE2767Da4f5A04,0x09fbd54a75cf6B4b463003D36c5EC28afb785006
0x0002A1Dbf5a1B5c3Bb96Fabb3ad0b2BF3f492ade,0x7cd608f8509f870669f8f73390815058bd2c85e0
0x1a60fdc5eac05cb6a7f11c53fa14b0294d5ec22a,0x7cd608f8509f870669f8f73390815058bd2c85e0
0xed11481ffbc32926e0270f8b17e263d4fca8783a,0x8e7fe7f66f30da63bf73e6c066d161102a398b19
0x40b4438c0ddcd10bfebd049cbaf4470b3a8e4f72,0x8e7fe7f66f30da63bf73e6c066d161102a398b19
0xe4426ab775940356ed8f333befc75264b4cbe1ad,0x5ee14ad58471186540bb494fb0d309327bff0fde
0x036bf8eea44ccb27ae4d215c2615d6a825b3e2f7,0x5ee14ad58471186540bb494fb0d309327bff0fde
0x36d2ee8dce85937796f250d79576dc46b03ad7f6,0x7cd608f8509f870669f8f73390815058bd2c85e0
0x83fe0bcde0b2ed5984a393c92983fb3a05f2651c,0x5ee14ad58471186540bb494fb0d309327bff0fde
0x779c4173ddb15cf7c9a1b5fe7a8fe6f855589074,0x392d680e32082e34707622d9e1e8c8dd9bca2eec
0x5c6ef2b909053468443e45e5c3eacb1827fbd4e2,0x6567d3ef069779704d8e799c0f31638e72e48dd4
0x36300f99cc392491de5851960db42459f730e51d,0x17d2d1a091eaaea41b68eade0633b5dd0398be20
0xa5011fc035aa581b45a9da75e6b84e0ef54e4485,0xc703cd7bc5784710792c93e1e08cfd545a64d733
0xecc28bec437fdf6b92c30b96b6c4e67f003694c6,0x5ee14ad58471186540bb494fb0d309327bff0fde
0x6447c48373c1af270999ceaae85ff59a72bb325f,0x8e7fe7f66f30da63bf73e6c066d161102a398b19
0x69526f156805f1955e52d7b8f2574d99247dc227,0xaefd53a5a1e1743d4972229f5ffdb90d66c0d6a2
0x98415061cbc36a3f844c16b7aa91b3278cf370fb,0x5ee14ad58471186540bb494fb0d309327bff0fde
0x8b649313e5aa4ced2b248ca9072fd48644c36efa,0x8e7fe7f66f30da63bf73e6c066d161102a398b19
0xd9e805e3a997aa8bfa49d4da74d3dbcf00adf018,0x17d2d1a091eaaea41b68eade0633b5dd0398be20
0x892e2b642a9a0ea18298510ce453c8e4938c78e0,0x5ee14ad58471186540bb494fb0d309327bff0fde
0xeb1b8b5035892408476d6f345436c23e4abde064,0x8e7fe7f66f30da63bf73e6c066d161102a398b19
0xeaeb2e83e2b324e982a7b0698e1c913e0b57a46f,0x51d8c76b94faf88cad862bc614c4cc3d50189dad
0x8172f238e007be0e0c5cdb339082f3e394c503f2,0x8e7fe7f66f30da63bf73e6c066d161102a398b19
0x4759d7c016a82bb5cd632fa8d8e5db13bbc3810f,0xdc616aa8afab3d82f39dbf56864cd4940ad31905
0x35e772db02471c3e041ca138ca7990ce8bfe4e7e,0xdc616aa8afab3d82f39dbf56864cd4940ad31905
0xeb05cB16b0C237127bC3636Db9772B00D6CC095E,0xdc616aa8afab3d82f39dbf56864cd4940ad31905
0x9F157D563FbF376f90fe8B3452507649a2D6A38f,0xdc616aa8afab3d82f39dbf56864cd4940ad31905
0xdeE73AF24D965484622861F58cEF3ce33DC27f47,0x755BdeE7977FD33701397F294cbE2767Da4f5A04
0x14574efd2A74114F68AAb23C5DCaDca63aD9a7EA,0x755BdeE7977FD33701397F294cbE2767Da4f5A04
0x246c2B283e8CBb92299F62695a0368BE692ECe61,0x755BdeE7977FD33701397F294cbE2767Da4f5A04
0xe1081f58f2cf9d99fa972a4e401f557c6e76f855,0x316e41c59e2917c3efbd708d77e917ec83125000
0x3b82155647c357d38abd1f180950c59d08472495,0x798b550766e9e708eafcd2b21c596453e3eb7256
0x1f0111078d769868ed4170527704c07c0ade6905,0x09fbd54a75cf6B4b463003D36c5EC28afb785006
0x8e07429789e423c20aff59b095fd9bf1ae871f02,0x798b550766e9e708eafcd2b21c596453e3eb7256
0xc31C1B12f31c1048b079A1a6b9D465676482b3EA,0x5ee14ad58471186540bb494fb0d309327bff0fde
0x91e5de098e057385e36ba972c673ae33973f52f3,0x09fbd54a75cf6B4b463003D36c5EC28afb785006
0x96b9fc8a3a20bd582bcd9f9352e661612d70b55f,0x5ee14ad58471186540bb494fb0d309327bff0fde
0x66a2dcb87acb701cfb2d42e84dbe11d8f6c33c3a,0xc415688a2e908c0b296c037670be363199c50817
0xc415688a2e908c0b296c037670be363199c50817,0x5ee14ad58471186540bb494fb0d309327bff0fde
0x3f5bc65b56e7769725b5b08ec20c4e05b68a1e2c,0xc415688a2e908c0b296c037670be363199c50817
0xe9cc62c1a8a633e80e7c4d0683ee44404009b0d0,0x8e7fe7f66f30da63bf73e6c066d161102a398b19
0xbf35f752e11c342a4e153c4c55a874b2d2a87946,0x5ee14ad58471186540bb494fb0d309327bff0fde
0x944ac0c8e92470c7ccc8260083d59996943ec8ed,0x7cd608f8509f870669f8f73390815058bd2c85e0
0x65fa6c8a95fa431fbd9c5c9e8a3025b23ac50dec,0x316e41c59e2917c3efbd708d77e917ec83125000
0x9b30bb944e9238f833316967318974135ba85cc5,0x8172f238e007be0e0c5cdb339082f3e394c503f2
0x43680c91995a2fa79f5b6d99b9f3dca1b0dc2999,0x798b550766e9e708eafcd2b21c596453e3eb7256
0x78d6fda41e2209ed007742aa73b4d7017f998a1a,0x933d688bcca42f9c768e48131391b21ad73916bb
0x0d810ab821ea0d6d053afacdd0e7850895fe008a,0x798b550766e9e708eafcd2b21c596453e3eb7256
0x1ae66fd4311dc01c4e956fbd101f23812d880671,0x392d680e32082e34707622d9e1e8c8dd9bca2eec
0xeb041765709ba08f7ec8617d7be9a6f4cca3d799,0x7cd608f8509f870669f8f73390815058bd2c85e0
0xc5ee3935d9cd53898eb5c5c793401a1dddc360a2,0xe8fa65ae8e23874771fa6fd765b7eaf3e959e4d7
0x864214dc198617dab2cf3168bf8966b924020d60,0x755BdeE7977FD33701397F294cbE2767Da4f5A04
0x85bb1f3829db8f3fec2c46536e489e4859ec893e,0x87bb34d6c98024746ec17f885fdb76922791489c
0x26b054e8e329b9e0789dffaf63208ced4e922419,0xe6ec8ce2abb5e966d4538d8d78ce4f7ffe0b85dc
0x6bb81ab0FA1Cc099c0334372B2a00E1800dEf7d2,0x8e7fe7f66f30da63bf73e6c066d161102a398b19
0xf3b83f12596023be9619a23d726a8d62671fbbab,0x5ee14ad58471186540bb494fb0d309327bff0fde
0x8ed9686f40c4dbd89c6b86b84ee347d42b459c7c,0x87bb34d6c98024746ec17f885fdb76922791489c
0x11897e49d16080cb2958e0a4e0b2408ecca2ab6f,0x755BdeE7977FD33701397F294cbE2767Da4f5A04
0x4fe634debf1ceace3ac537674cff79b4d600ff86,0x8b649313e5aa4ced2b248ca9072fd48644c36efa
0xe5ef321bc3436f4a6fd014ec4b674c446f78be92,0x7714ee5bec5a1e48adb196747b89a4e2960836f7
0x74c871b884433c36bcfaf3e6260a68b33991cb52,0x8e7fe7f66f30da63bf73e6c066d161102a398b19
0x02bb73841ebca74e3923301c6a3a96b2af993c56,0x8e7fe7f66f30da63bf73e6c066d161102a398b19
0x6f122Ef2253071E97800dcD2F8dA9d847e57F33A,0x8e7fe7f66f30da63bf73e6c066d161102a398b19
0x53010ccd0bdc4343436d63fd85ad2e41c97d42d5,0x36d2ee8dce85937796f250d79576dc46b03ad7f6
0x96a544b2e0efec9f44aeab3a4b27a492ae1efed3,0x36d2ee8dce85937796f250d79576dc46b03ad7f6
0xda5615ad5b726c789f22234144972bfdd39208cd,0x7cd608f8509f870669f8f73390815058bd2c85e0
0x7ab1acc2edb75cf3693e82c11f36c04d26ccf11d,0x7cd608f8509f870669f8f73390815058bd2c85e0
0xE79C46c41f39eE6CB5E9565Ad581755711D8Cdc3,0x8b649313e5aa4ced2b248ca9072fd48644c36efa
0x208807778a26704f945b8dd3a1c1da1769c0824c,0x3dbae5950213a895045bf031b05b10457f33963e
0x20544138513a4a67932632ea23956ec0fda0587e,0x3dbae5950213a895045bf031b05b10457f33963e
0xb77ce39477b9bfa7df1ec1bff4ed8a97253019d3,0xe0de11163fee74574b99e5bd9f9d2a6d1cf79dfa
0x58a0b5c29e5665E354F2bb0e3057aEF05fc08912,0x8e7fe7f66f30da63bf73e6c066d161102a398b19
0x0e83180ac860622d45c63e6468aad022beaad76e,0x7714ee5bec5a1e48adb196747b89a4e2960836f7
0x61b64bb228ccd24baaa5a0b60fc611e241f19b8d,0xdc616aa8afab3d82f39dbf56864cd4940ad31905
0xb05413E3dE6C258Fa2a2bfED167be9fF1296dF52,0x9F157D563FbF376f90fe8B3452507649a2D6A38f
0xf57a3bf4dd3d1e267580ab267fbbf9b506973753,0x798b550766e9e708eafcd2b21c596453e3eb7256
0xc1aa08cfb557e7b643eb5bc00a5f92faf145892c,0xdc616aa8afab3d82f39dbf56864cd4940ad31905
0xb84ea0dca98f915df10400ba99f3586805fff2ca,0x3dbae5950213a895045bf031b05b10457f33963e
0x2850547c3d48b8a4fa95ef9515ebf5d2d79a7436,0x8e7fe7f66f30da63bf73e6c066d161102a398b19
0x0ec4a86761bcffe701dac6d350514b17cb74e265,0x18cec7e703585796acda06dd098b6524009ed6f6
0x2c4a918dca0f5198454231ee16cc2d2594f3018e,0x8e7fe7f66f30da63bf73e6c066d161102a398b19
0x7992938e35b0a2b536e60fef57ef827b61d20f6b,0x8e7fe7f66f30da63bf73e6c066d161102a398b19
0x6e2d51c4a1bff9d8913d30133ea1656054928722,0xc415688a2e908c0b296c037670be363199c50817
0x4f5B9ce8Bf8E1D7db5D60271d457eFA0C7F7a7c0,0x8e7fe7f66f30da63bf73e6c066d161102a398b19
0xb6d7b08ba2c539e057584e5b4d7e74fea90e5ffe,0x5ee14ad58471186540bb494fb0d309327bff0fde
0xb377aae151e3c55b5a68877b78f6a0e6119513aa,0x7714ee5bec5a1e48adb196747b89a4e2960836f7
0x67e6e2b68f52ea3bd5aec2bdf98d72b624ed3920,0x5ee14ad58471186540bb494fb0d309327bff0fde
0xb96bd8dbf7378287325fb99bb814c72ff067af92,0x7714ee5bec5a1e48adb196747b89a4e2960836f7
0xaf628b18b511612a22de232b32c9bfeeabb79e73,0x5ee14ad58471186540bb494fb0d309327bff0fde
0x0c7c5838a5543efb70dee4fc994a45a7876bc619,0x9F157D563FbF376f90fe8B3452507649a2D6A38f
0xec8f8ee5c227a07e7f8e78865597ec9c521fe729,0x7cd608f8509f870669f8f73390815058bd2c85e0
0x6df006bcda556fb3a42ad53b0ca95ba2b3dcd1c2,0x5ee14ad58471186540bb494fb0d309327bff0fde
0xb779d79ba85b3fdc14ffd043e316bf06a441746d,0x8e7fe7f66f30da63bf73e6c066d161102a398b19
0x265315d82925fff381af3d435d141810b9c0b24f,0x7714ee5bec5a1e48adb196747b89a4e2960836f7
0x09a6fb3d79842c13f1691021bea85b4cf6cd8947,0x5ee14ad58471186540bb494fb0d309327bff0fde
0xc9bfc3383c329d4903de9d4822edb330ddd65184,0xB55B122495AEcc8Da5Aee034e93367AFA833AC72
0x0c3c475a4e2caf83839baefa283648d97ed19a36,0x5ee14ad58471186540bb494fb0d309327bff0fde
0x9cf6f1acecde88aa5176ee7b7ead9c3a5d1bb888,0x8ed9686f40c4dbd89c6b86b84ee347d42b459c7c
0x1f3ce9e6e67762055fbd2e4fed21de425529839c,0x0c7c5838a5543efb70dee4fc994a45a7876bc619
0x1c66707075041e6Eff478A3Ae0dae08E7EA37D91,0x9cf6f1acecde88aa5176ee7b7ead9c3a5d1bb888
0xee9b188921c530f3f34c28e15ffc47a3f82c7e10,0x5ee14ad58471186540bb494fb0d309327bff0fde
0x30ee171af6a576499ff0170e59031f7744564535,0xB55B122495AEcc8Da5Aee034e93367AFA833AC72
0x3e9e423eb6f14dea6a1d6e574bc3c2534e540942,0xc9bfc3383c329d4903de9d4822edb330ddd65184
0x1c9a993b157ed09fa09ad20104e8821296b997d1,0x30ee171af6a576499ff0170e59031f7744564535
0x6109ea30a4557d42eeb405f43b38ae8e8850edcb,0x30ee171af6a576499ff0170e59031f7744564535
0x09b4a7c9cbe8fdbb7a098b6e17d92b109ee728f4,0xc9bfc3383c329d4903de9d4822edb330ddd65184
0x6933a863e4d13b467aac698aabeb918a370af19b,0xB55B122495AEcc8Da5Aee034e93367AFA833AC72
0xc3edc708ec4c0d10fd88aa010b248d15a8eb135d,0x1c66707075041e6Eff478A3Ae0dae08E7EA37D91
0xf1785651d97bac4521c1ece45d63a60e54096504,0xc9bfc3383c329d4903de9d4822edb330ddd65184
0x456424cc96bb0c1a50baf0b449d6f4141a5b4850,0x1a60fdc5eac05cb6a7f11c53fa14b0294d5ec22a
0xa767b27b3dc7ce32a990a9652bd255c52e17fbaa,0x1a60fdc5eac05cb6a7f11c53fa14b0294d5ec22a
0xa63127bd83df65482d4038a1a981740b548a8b60,0x8e7fe7f66f30da63bf73e6c066d161102a398b19
0x579962c7e0a71d9e18c7d3ebd30a8e49f001fa2a,0x316e41c59e2917c3efbd708d77e917ec83125000
0x4a432ea127c3783d49cd3e3a77792e9397976119,0x5062d40c8114e6f8262fd2f31ce4526a0d8c90fa
0xf29fc00e9682c3fbed1ce575f03b3783d50d8079,0x9545997091e07B5696477D18a2EE9e7C75a3b3b9
0x6b2151169b720b9479cf74c37306733d15e71c40,0x3dbae5950213a895045bf031b05b10457f33963e
0x5062d40c8114e6f8262fd2f31ce4526a0d8c90fa,0x8e7fe7f66f30da63bf73e6c066d161102a398b19
0x2fba0e14817f445e5e8870c4a713b24b5ac671f8,0x65fa6c8a95fa431fbd9c5c9e8a3025b23ac50dec
0x53265e014f9871c84e9e885151bf633f6a48e05a,0x8e7fe7f66f30da63bf73e6c066d161102a398b19
0x0b043416bd98250a21cc3d168c5f4d02280819ab,0xc9bfc3383c329d4903de9d4822edb330ddd65184
0xd52b4193265a73cecc127862ceb3e5726f92024f,0x65fa6c8a95fa431fbd9c5c9e8a3025b23ac50dec
0xf30f000b6ff360cae3eaffed7ff74f39610b93f6,0x65fa6c8a95fa431fbd9c5c9e8a3025b23ac50dec
0x3272a9d34dcb2692d2bdd0f4d82c567600f17791,0x316e41c59e2917c3efbd708d77e917ec83125000
0x62f5f969e5329e91bbc959bf3c6896b20b7fa0ba,0x65fa6c8a95fa431fbd9c5c9e8a3025b23ac50dec
0x05c1b2f434e432d2b4332b29325435b37b380fc2,0x316e41c59e2917c3efbd708d77e917ec83125000
0x3fa262e815183f693b4a7affe912258df6b9e73d,0x8ed9686f40c4dbd89c6b86b84ee347d42b459c7c
0xec104cbdcf1749ab79aa7a3e9c2c8762c52ad6f2,0x316e41c59e2917c3efbd708d77e917ec83125000
0xc8fd0d975049b759a193d8de6b5986c370423610,0x316e41c59e2917c3efbd708d77e917ec83125000
0xc0bf9e24b53dd024c5c90fb38a899b12e4cca37e,0x9F157D563FbF376f90fe8B3452507649a2D6A38f
0x01ce89092172501028b9acf2dec9965ab34d832a,0x5ee14ad58471186540bb494fb0d309327bff0fde
0x1f8ccffa461c3bf6305e0cc96eec4e058b0b014e,0x5ee14ad58471186540bb494fb0d309327bff0fde
0x87a38d7fe3c77a391f31046160405f5210c72a46,0x5ee14ad58471186540bb494fb0d309327bff0fde
0x491aa00fa05060ccd7c82aec8d46e60645eedecd,0x5ee14ad58471186540bb494fb0d309327bff0fde
0xaaf9388c66909364f8aabe1cddb27e2724eefc4e,0xB55B122495AEcc8Da5Aee034e93367AFA833AC72
0x2b2ef7e0a7440b823d33ad616a6ff2db61e1bba5,0xB55B122495AEcc8Da5Aee034e93367AFA833AC72
0x543b15c9761e5d3b63cb6333f59dafca00fa8b1a,0x5ee14ad58471186540bb494fb0d309327bff0fde
0x0416d415f28239912d67967beda5ffaef0561e89,0xc9bfc3383c329d4903de9d4822edb330ddd65184
0xd0f58ab9a3f8a7263e6080f97157712e2cc96508,0x0b043416bd98250a21cc3d168c5f4d02280819ab
0xa75b4db8cdf47807f50973968a69ea6365c16569,0x8737c9699f566cc8a008c466284a2959e1ce4d6b
0x6f36709611854797a429cf477347cb90992baf8f,0x65fa6c8a95fa431fbd9c5c9e8a3025b23ac50dec
0x89b2afc0ccac2832b83957e5e30a95a74ab3b67f,0x316e41c59e2917c3efbd708d77e917ec83125000
0x89ff0b50c3ad4a9a1481d66560861a9bb9458b67,0x316e41c59e2917c3efbd708d77e917ec83125000
0x7b805b13d769e14c783dd2114caa624c42529f77,0x316e41c59e2917c3efbd708d77e917ec83125000
0xc0c48012d14d2673baec8e2e3975629807ef9db3,0x0b043416bd98250a21cc3d168c5f4d02280819ab
0x836a290b1eb47d79e71383e1932884a32139d41c,0x8ed9686f40c4dbd89c6b86b84ee347d42b459c7c
0xb55c5e565b310a9e58866ecbfb1baf9449b8f8a9,0x8ed9686f40c4dbd89c6b86b84ee347d42b459c7c
0xb8f6f764aef8cdfcda200f8b54dc4614eb347a54,0xc0bf9e24b53dd024c5c90fb38a899b12e4cca37e
0x9b59416cf2bdce09f34eb0db416fbf56d68c4796,0x5ee14ad58471186540bb494fb0d309327bff0fde
0x77d760b727bfc960c6634cae910e75af0c1ceac7,0x316e41c59e2917c3efbd708d77e917ec83125000
0xfd880eb158809f7417d25287e749e827a8a15177,0x798b550766e9e708eafcd2b21c596453e3eb7256
0x0c09cabaf3c5e611c5099187ebbb0662a8e88c9b,0x798b550766e9e708eafcd2b21c596453e3eb7256
0x637cec1093b3acc7fe5a65b1fb0e99a965a7c6fd,0x798b550766e9e708eafcd2b21c596453e3eb7256
0x0bcff8defc0fbe3e6d29bc4001e9284490d59486,0xc9bfc3383c329d4903de9d4822edb330ddd65184
0x71babae88c8e6eb5c0dff369b50738f039bd165f,0x30ee171af6a576499ff0170e59031f7744564535
0x99fda3a9c376810e177de8d6f8410343c7b33bc8,0x1a60fdc5eac05cb6a7f11c53fa14b0294d5ec22a
0x6b76f3b67dbbf9ee14dac2ea066508500a8c90fd,0x26b054e8e329b9e0789dffaf63208ced4e922419
0xb03b8a57031e4659127582a888c9ff9c8703f9dc,0x26b054e8e329b9e0789dffaf63208ced4e922419
0xedb5123ea61c74356772d95bb4a9805fec88eedb,0x26b054e8e329b9e0789dffaf63208ced4e922419
0xe66c4ad4730bbea3f4ba4fa5ad6a521c5f319d7e,0x30ee171af6a576499ff0170e59031f7744564535
0x3adca30aff4ca36b7bde271cbcb6d87dd08bcd3d,0x30ee171af6a576499ff0170e59031f7744564535
0x7ce0eb0e8965c7b67320b6ccc6c733cc2b8a0b38,0x1c66707075041e6Eff478A3Ae0dae08E7EA37D91
0x7135dfe6af871cb62bd4ca99a505a41e66196e77,0x1c66707075041e6Eff478A3Ae0dae08E7EA37D91
0x3c1b02d961f66c93515557bcca0d88ec6eb21b78,0x755BdeE7977FD33701397F294cbE2767Da4f5A04
0x71878c7e292d401d845a118c32dc5ddd574c51ac,0x0d810ab821ea0d6d053afacdd0e7850895fe008a
0x6196ad1b23740c3dfe4b3bc773215952653c9d21,0x09b4a7c9cbe8fdbb7a098b6e17d92b109ee728f4
0x96f910bb6b0f9820cadeac794e502ee11b7411a4,0xdc616aa8afab3d82f39dbf56864cd4940ad31905
0x0eb8169af1de46900b20fc31a1e8eb31366af567,0x5ee14ad58471186540bb494fb0d309327bff0fde
0x784846770db69e2e925f479765e6b7b112d9e648,0x0d810ab821ea0d6d053afacdd0e7850895fe008a
0x289490897c073b0e5c40104559713b80991b6442,0x0b043416bd98250a21cc3d168c5f4d02280819ab
0x0b735a57950445da7d1bfbbbe245e5e615105eb0,0xc0c48012d14d2673baec8e2e3975629807ef9db3
0xe9cd6785040a462ae6b855f6cfd3af221cd5b2dd,0xc0bf9e24b53dd024c5c90fb38a899b12e4cca37e
0x9c56e056b5b0aaa246354e6bedc584b3786f8965,0x0eb8169af1de46900b20fc31a1e8eb31366af567
0x5a0d6a490c0551ede443cc4211c8153cf4c33238,0x0c19efa24be4a778a0780c79a8fe521a7b2740ce
0xfe1d3b9d6f7f0eb66975ddcac35e880b16449435,0x65fa6c8a95fa431fbd9c5c9e8a3025b23ac50dec
0x32115de556ccb905c95d4c6364ae3fbd90dbef30,0x0c19efa24be4a778a0780c79a8fe521a7b2740ce
0x6f5270f057323bfe69d1bdf595ef3386bf9809ae,0x798b550766e9e708eafcd2b21c596453e3eb7256
0x5c32fc9ee7b5af511b5af1138e54fc454b5c5c00,0x798b550766e9e708eafcd2b21c596453e3eb7256
0x1e45ac7e8e5812f5032c326bb3b236a8424bec8e,0x1a60fdc5eac05cb6a7f11c53fa14b0294d5ec22a
0xf8e3253cc058c3d8335b0456cb43a82cf276d7ba,0x1a60fdc5eac05cb6a7f11c53fa14b0294d5ec22a
0xc31de8fbc843ea245142002138102946e5feab32,0xc9bfc3383c329d4903de9d4822edb330ddd65184
0xe30bbe054c8831766edcb389175e85bd7883d893,0x798b550766e9e708eafcd2b21c596453e3eb7256
0xb862c006bd4dc4b304209a376921be8d00e34311,0x316e41c59e2917c3efbd708d77e917ec83125000
0x222ef228c33c73ef6ad2d1255e0a78fe2ac629dd,0x798b550766e9e708eafcd2b21c596453e3eb7256
0x35c21f2b25d82b0cd65e9d7a1ba5ea5bfd2a466f,0x8e7fe7f66f30da63bf73e6c066d161102a398b19
0x8fa53af35600a4cd259b0c6b9cda03004779b05c,0xB55B122495AEcc8Da5Aee034e93367AFA833AC72
0x8945Bc5D9197261BdB784c86594Fb651d2DD65bf,0x8e7fe7f66f30da63bf73e6c066d161102a398b19
0x3a4c14f0397cf6739c14abd9d84acfabd0b4a1ee,0x09b4a7c9cbe8fdbb7a098b6e17d92b109ee728f4
0xbbf7c81e9104fd631b22a641f59bd677b86a0bc9,0x0f1a3b039c065014088ff30805ef6caa6968c911
0x164077f5c6b8b827561ea58eb4d70d0601cdabb0,0x09b4a7c9cbe8fdbb7a098b6e17d92b109ee728f4
0xa0f69d4ac3a13953235bc796a032a08fd90c5766,0x09b4a7c9cbe8fdbb7a098b6e17d92b109ee728f4
0xb8d6c45868f9afda9dd719b36802047b213ea6f1,0x316e41c59e2917c3efbd708d77e917ec83125000
0x90c6cc01ec5adc42a6d577e281745eccc87ae7a3,0xe1081f58f2cf9d99fa972a4e401f557c6e76f855
0xc70f58eb16f16dba30ff2c08e8b39bc0989550ed,0x8fa53af35600a4cd259b0c6b9cda03004779b05c
0x0d1327bd41602a4b2dc262eb3e92401a16f493ce,0xc0c48012d14d2673baec8e2e3975629807ef9db3
0x2d13bf0655bd477d8137fbcf197c6023f85b2c8c,0x5ee14ad58471186540bb494fb0d309327bff0fde
0x2ed751ff19eed9939b46d95f47dd38e0c99b52bd,0x0f1a3b039c065014088ff30805ef6caa6968c911
0x47f35c4e3ce9957a37479a6e0b7184b26707c13a,0xB55B122495AEcc8Da5Aee034e93367AFA833AC72
0xb34dea910e8b90d521efeecce083a8e16bc94050,0x09b4a7c9cbe8fdbb7a098b6e17d92b109ee728f4
0xd87f60d845c81a801fd2010ee9217ec03c513d40,0x09b4a7c9cbe8fdbb7a098b6e17d92b109ee728f4
0x2ded9eba64b19ebabddd8954c4ed6ff8fc60ff6a,0x30ee171af6a576499ff0170e59031f7744564535
0xff783355e5a944ba4024ecc864530892763f18dd,0xe8fa65ae8e23874771fa6fd765b7eaf3e959e4d7
0x54e0ee9b7be69d156a0907f7f6e278198ac4b03c,0x8fa53af35600a4cd259b0c6b9cda03004779b05c
0x440813039fd72707a2b81546a049dce91a9bfee2,0x5ee14ad58471186540bb494fb0d309327bff0fde
0xab9bf5cc5d87c414cfc42b0282f0582a16e6fe71,0xdc616aa8afab3d82f39dbf56864cd4940ad31905
0x532c5b7c7e172310937d4886772bdc58df4bfc65,0x65fa6c8a95fa431fbd9c5c9e8a3025b23ac50dec
0x8cbef5c0479c64108e9871cc6efd0a930608f46e,0x65fa6c8a95fa431fbd9c5c9e8a3025b23ac50dec
0x0868c1d4a3dbdee4e8029692719934adfd43c955,0x0eb8169af1de46900b20fc31a1e8eb31366af567
0x7436f4c40e946967aa37814d7da4f40da02686d4,0x65fa6c8a95fa431fbd9c5c9e8a3025b23ac50dec
0x5644765d97507bd8793902f02a8fd4486ac817ae,0x0eb8169af1de46900b20fc31a1e8eb31366af567
0x4bfe4420f4ebdb4b04d63dba0437e2d9e1f3533e,0xb8d6c45868f9afda9dd719b36802047b213ea6f1
0x87b28a1cfee496117029e84e4666d71b97bf57f9,0x65fa6c8a95fa431fbd9c5c9e8a3025b23ac50dec
0xc5520c1d0fa253a23811bf9522dc9a34e59ced19,0x0b043416bd98250a21cc3d168c5f4d02280819ab
0x7605bf087e105a40ddf2ceb3b0d396cef4b11d25,0xB55B122495AEcc8Da5Aee034e93367AFA833AC72
0x1b93cdf6d462eb2efdb8d250553ae733178a2e2f,0x933d688bcca42f9c768e48131391b21ad73916bb
0xf41f1266117dc615203efc7a53a60da174dedde8,0x316e41c59e2917c3efbd708d77e917ec83125000
0x728cae96d62d2c2bd6984c090a82698267c3ff46,0x5ee14ad58471186540bb494fb0d309327bff0fde
0x1910e32276873c8171b46ff94658efa0f2276cb9,0x65fa6c8a95fa431fbd9c5c9e8a3025b23ac50dec
0x85e4ae8c3fc11943669b14d6b4f3b6438299f2eb,0x755BdeE7977FD33701397F294cbE2767Da4f5A04
0x0f838503470a853ce53b010dc238bf9bedefdc37,0x65fa6c8a95fa431fbd9c5c9e8a3025b23ac50dec
0x548f0cf3c5b1f58b57e6e1cca6eed8ccd59e3dab,0xc70f58eb16f16dba30ff2c08e8b39bc0989550ed
0x428ab2c13c13ac57d9ceafb218b7f83c8d1a3fd5,0x1c9a993b157ed09fa09ad20104e8821296b997d1
0xb6546ad5bd26c4904139ff7407ac780d85c6c3b9,0x65fa6c8a95fa431fbd9c5c9e8a3025b23ac50dec
0x7a33398b6e63c70f203ee45aabb4e9d8715b9117,0x65fa6c8a95fa431fbd9c5c9e8a3025b23ac50dec
0x767f658a03d64441087cdd4a77fb888eb095e264,0x8b649313e5aa4ced2b248ca9072fd48644c36efa
0xe492a55007a1eb6dc694b5293b2fed8ab8e8607d,0xB55B122495AEcc8Da5Aee034e93367AFA833AC72
0xf059095dfeeb0bd63c2162e2c675e08ccc5770d0,0x09a6fb3d79842c13f1691021bea85b4cf6cd8947
0xb69d0dc0635c280500a4aa7b218fcb9969b8ff07,0xe8fa65ae8e23874771fa6fd765b7eaf3e959e4d7
0xa6c42f20cba8f5ea427dc20ba785a3555b42e5b4,0x5ee14ad58471186540bb494fb0d309327bff0fde
0x5ecf418a8ab1e327310771fcc8819fdc8b27d6b4,0x9F157D563FbF376f90fe8B3452507649a2D6A38f
0x3f81aaf70f858c61e7c4c71cdeae05d167006acf,0x9F157D563FbF376f90fe8B3452507649a2D6A38f
0x708644a67868a18a62e4eefdb76a7138ab8586ab,0x7a33398b6e63c70f203ee45aabb4e9d8715b9117
0xc54508DA4D42773CC4332c972D87A351C2622F4d,0xec104cbdcf1749ab79aa7a3e9c2c8762c52ad6f2
0x2c3f2db4b7cf3e1526b3d942062bec3572f51cb2,0x316e41c59e2917c3efbd708d77e917ec83125000
0x9de1dba082bb22b06cbbd617b5b3fc49f8aebe06,0xe492a55007a1eb6dc694b5293b2fed8ab8e8607d
0xd981dfa969e92b2614bdf49e516aee3e2d65b625,0xec104cbdcf1749ab79aa7a3e9c2c8762c52ad6f2
0x35e81e938c1655e4a668a8fa9d91b8ef99b44729,0xc0bf9e24b53dd024c5c90fb38a899b12e4cca37e
0xd4650166960655463e6069a598dd57df84fa54de,0x9F157D563FbF376f90fe8B3452507649a2D6A38f
0xe62499A011d97081DdFCd98fAf17338314Cd8c22,0xefab7394d05a5e3f6e932213b282e1ea781eb07d
0x0742bcfde199cce841bb05b140cb8e927686e7e1,0x316e41c59e2917c3efbd708d77e917ec83125000
0xdae35b787df4b371998e3b04a2d8728c8844fa56,0x65fa6c8a95fa431fbd9c5c9e8a3025b23ac50dec
0x9b72d917e97acd25b5e1d7e3ceabc21de70e6d31,0x316e41c59e2917c3efbd708d77e917ec83125000
0x1303a7f66d25a123f0d7f3b8104b8f007fd6b6e8,0x9F157D563FbF376f90fe8B3452507649a2D6A38f
0xc5a388de47a815fa07f8028b0f4a479d0ef98b8a,0xc0bf9e24b53dd024c5c90fb38a899b12e4cca37e
0xd7e4c63331698e8d69f556f8089779f61237d59c,0x9F157D563FbF376f90fe8B3452507649a2D6A38f
0x32c2c8398d9c6b2f894ae918722e05d7670e5bd1,0xd7e4c63331698e8d69f556f8089779f61237d59c
0x73Dbf4e2Bd76C5b584Ef497b3aF4CEA621F4eDcB,0xecc28bec437fdf6b92c30b96b6c4e67f003694c6
0x8f3e8226f7b8479d62abdb2808c9a1c22aaaabb4,0xB55B122495AEcc8Da5Aee034e93367AFA833AC72
0xed95a9a8e5e96145fc7cc1646302dfc9b92a0df3,0x47f35c4e3ce9957a37479a6e0b7184b26707c13a
0x547dde3c0cbfa61e3c980eaac893e620eb356c3c,0xc9bfc3383c329d4903de9d4822edb330ddd65184
0x47b97003ca11f6aa5f154926fbd299e442cfe040,0x316e41c59e2917c3efbd708d77e917ec83125000
0x49e09ee3b5b7695197101f85103120b392a72b7f,0xecc28bec437fdf6b92c30b96b6c4e67f003694c6
0x630d9a06a38009da2040efc152d8800a8b3be35d,0xa23faaa3e84cda4b97e754c05d2e3020f50dc3ed
0xbA27038FD0c9f059113dF39766e4A5B5968dcbB0,0xdc616aa8afab3d82f39dbf56864cd4940ad31905
0xd0d444f7c20d411523d0ba88239e225466f168ec,0x9545997091e07B5696477D18a2EE9e7C75a3b3b9
0xba9f8506c99a3647fcf1024ba2ef9d8c75651d41,0x755BdeE7977FD33701397F294cbE2767Da4f5A04
0x5bec66f2178f941df9a94ee0a78cde48e331e324,0xdc616aa8afab3d82f39dbf56864cd4940ad31905
0xfd23ba756f490df10a073600d682da4da1473fe8,0x9F157D563FbF376f90fe8B3452507649a2D6A38f
0xb6c7008fb818bb786928c2cb145ff6e2f3d0c6e9,0x9F157D563FbF376f90fe8B3452507649a2D6A38f